detector,augmentation,seed,time_bucket,auprc,recall_at_1pct_fpr,positives,rows
lightgbm,curriculum_projected_v2,0,Q1 earliest,0.7098616121086894,0.8421052631578947,19,54494
lightgbm,curriculum_projected_v2,0,Q2,0.9901569955079356,1.0,53,54493
lightgbm,curriculum_projected_v2,0,Q3,0.8471938479011907,0.8780487804878049,82,54493
lightgbm,curriculum_projected_v2,0,Q4 latest,0.9843192592381359,0.9846153846153847,195,54494
lightgbm,curriculum_projected_v2,1,Q1 earliest,0.7352865881805113,0.8947368421052632,19,54494
lightgbm,curriculum_projected_v2,1,Q2,0.9942557565754013,1.0,53,54493
lightgbm,curriculum_projected_v2,1,Q3,0.8436578366758829,0.8536585365853658,82,54493
lightgbm,curriculum_projected_v2,1,Q4 latest,0.9869954333321252,0.9897435897435898,195,54494
lightgbm,curriculum_projected_v2,2,Q1 earliest,0.7383737707278353,0.8947368421052632,19,54494
lightgbm,curriculum_projected_v2,2,Q2,0.9884444587606958,1.0,53,54493
lightgbm,curriculum_projected_v2,2,Q3,0.8434461613133041,0.8536585365853658,82,54493
lightgbm,curriculum_projected_v2,2,Q4 latest,0.9850863765993333,0.9846153846153847,195,54494
lightgbm,curriculum_projected_v2,3,Q1 earliest,0.7423914065450994,0.9473684210526315,19,54494
lightgbm,curriculum_projected_v2,3,Q2,0.995484043174349,1.0,53,54493
lightgbm,curriculum_projected_v2,3,Q3,0.8564400644055461,0.8780487804878049,82,54493
lightgbm,curriculum_projected_v2,3,Q4 latest,0.98501577282538,0.9846153846153847,195,54494
lightgbm,curriculum_projected_v2,4,Q1 earliest,0.7318312462608956,0.7894736842105263,19,54494
lightgbm,curriculum_projected_v2,4,Q2,0.9915791045150494,1.0,53,54493
lightgbm,curriculum_projected_v2,4,Q3,0.8504749709756197,0.8780487804878049,82,54493
lightgbm,curriculum_projected_v2,4,Q4 latest,0.9850779763693328,0.9846153846153847,195,54494
lightgbm,curriculum_projected_v2,5,Q1 earliest,0.7575105881688271,1.0,19,54494
lightgbm,curriculum_projected_v2,5,Q2,0.9895740412443403,1.0,53,54493
lightgbm,curriculum_projected_v2,5,Q3,0.8521849198005121,0.9024390243902439,82,54493
lightgbm,curriculum_projected_v2,5,Q4 latest,0.9857764515724163,0.9846153846153847,195,54494
lightgbm,curriculum_projected_v2,6,Q1 earliest,0.7320861853483884,0.8947368421052632,19,54494
lightgbm,curriculum_projected_v2,6,Q2,0.989326585558842,1.0,53,54493
lightgbm,curriculum_projected_v2,6,Q3,0.8423614747608547,0.8536585365853658,82,54493
lightgbm,curriculum_projected_v2,6,Q4 latest,0.9847690163172207,0.9846153846153847,195,54494
lightgbm,curriculum_projected_v2,7,Q1 earliest,0.7188026293044096,0.8421052631578947,19,54494
lightgbm,curriculum_projected_v2,7,Q2,0.9879325531840337,1.0,53,54493
lightgbm,curriculum_projected_v2,7,Q3,0.8530254680891595,0.8902439024390244,82,54493
lightgbm,curriculum_projected_v2,7,Q4 latest,0.9844676236136427,0.9846153846153847,195,54494
lightgbm,curriculum_projected_v2,8,Q1 earliest,0.750659834992987,0.8947368421052632,19,54494
lightgbm,curriculum_projected_v2,8,Q2,0.9955927535472915,1.0,53,54493
lightgbm,curriculum_projected_v2,8,Q3,0.8500179233397914,0.8658536585365854,82,54493
lightgbm,curriculum_projected_v2,8,Q4 latest,0.9847345732692435,0.9846153846153847,195,54494
lightgbm,curriculum_projected_v2,9,Q1 earliest,0.6955244447648595,0.7894736842105263,19,54494
lightgbm,curriculum_projected_v2,9,Q2,0.9875407978685038,1.0,53,54493
lightgbm,curriculum_projected_v2,9,Q3,0.8393161263875397,0.8536585365853658,82,54493
lightgbm,curriculum_projected_v2,9,Q4 latest,0.9856357739355658,0.9897435897435898,195,54494
lightgbm,feature_noise_repaired_v2,0,Q1 earliest,0.6400180357663737,0.8421052631578947,19,54494
lightgbm,feature_noise_repaired_v2,0,Q2,0.913381402996601,0.9245283018867925,53,54493
lightgbm,feature_noise_repaired_v2,0,Q3,0.8000146971358794,0.8780487804878049,82,54493
lightgbm,feature_noise_repaired_v2,0,Q4 latest,0.9745095825784946,0.9743589743589743,195,54494
lightgbm,feature_noise_repaired_v2,1,Q1 earliest,0.6505526175570138,0.7894736842105263,19,54494
lightgbm,feature_noise_repaired_v2,1,Q2,0.9806133190974891,1.0,53,54493
lightgbm,feature_noise_repaired_v2,1,Q3,0.8082187644712158,0.8658536585365854,82,54493
lightgbm,feature_noise_repaired_v2,1,Q4 latest,0.9846178106022311,0.9846153846153847,195,54494
lightgbm,feature_noise_repaired_v2,2,Q1 earliest,0.6574962569393035,0.8947368421052632,19,54494
lightgbm,feature_noise_repaired_v2,2,Q2,0.9482064275629791,0.9622641509433962,53,54493
lightgbm,feature_noise_repaired_v2,2,Q3,0.8282343213346764,0.926829268292683,82,54493
lightgbm,feature_noise_repaired_v2,2,Q4 latest,0.9746386545060816,0.9743589743589743,195,54494
lightgbm,feature_noise_repaired_v2,3,Q1 earliest,0.6748940365044842,1.0,19,54494
lightgbm,feature_noise_repaired_v2,3,Q2,0.975805905767976,1.0,53,54493
lightgbm,feature_noise_repaired_v2,3,Q3,0.8198081212993674,0.926829268292683,82,54493
lightgbm,feature_noise_repaired_v2,3,Q4 latest,0.9841712576134386,0.9897435897435898,195,54494
lightgbm,feature_noise_repaired_v2,4,Q1 earliest,0.6539629278088631,0.9473684210526315,19,54494
lightgbm,feature_noise_repaired_v2,4,Q2,0.9717961697956219,1.0,53,54493
lightgbm,feature_noise_repaired_v2,4,Q3,0.8243739361137206,0.8902439024390244,82,54493
lightgbm,feature_noise_repaired_v2,4,Q4 latest,0.9814289060820164,0.9846153846153847,195,54494
lightgbm,feature_noise_repaired_v2,5,Q1 earliest,0.6664282811214057,0.8421052631578947,19,54494
lightgbm,feature_noise_repaired_v2,5,Q2,0.9878425819064351,1.0,53,54493
lightgbm,feature_noise_repaired_v2,5,Q3,0.831018544703968,0.9146341463414634,82,54493
lightgbm,feature_noise_repaired_v2,5,Q4 latest,0.9845805675842195,0.9846153846153847,195,54494
lightgbm,feature_noise_repaired_v2,6,Q1 earliest,0.6698063079215871,0.8421052631578947,19,54494
lightgbm,feature_noise_repaired_v2,6,Q2,0.9798665182611555,1.0,53,54493
lightgbm,feature_noise_repaired_v2,6,Q3,0.8233126748834129,0.8902439024390244,82,54493
lightgbm,feature_noise_repaired_v2,6,Q4 latest,0.9845979530586885,0.9846153846153847,195,54494
lightgbm,feature_noise_repaired_v2,7,Q1 earliest,0.6179561538367617,0.7894736842105263,19,54494
lightgbm,feature_noise_repaired_v2,7,Q2,0.9300373777313385,0.9433962264150944,53,54493
lightgbm,feature_noise_repaired_v2,7,Q3,0.8212954297098207,0.926829268292683,82,54493
lightgbm,feature_noise_repaired_v2,7,Q4 latest,0.9750363739020262,0.9743589743589743,195,54494
lightgbm,feature_noise_repaired_v2,8,Q1 earliest,0.6081854323220526,0.7894736842105263,19,54494
lightgbm,feature_noise_repaired_v2,8,Q2,0.9207555746659403,0.9245283018867925,53,54493
lightgbm,feature_noise_repaired_v2,8,Q3,0.7959376517174371,0.8292682926829268,82,54493
lightgbm,feature_noise_repaired_v2,8,Q4 latest,0.974645738003095,0.9743589743589743,195,54494
lightgbm,feature_noise_repaired_v2,9,Q1 earliest,0.6886141327114389,1.0,19,54494
lightgbm,feature_noise_repaired_v2,9,Q2,0.9795149858863319,1.0,53,54493
lightgbm,feature_noise_repaired_v2,9,Q3,0.8428834534830213,0.9634146341463414,82,54493
lightgbm,feature_noise_repaired_v2,9,Q4 latest,0.9848463554016973,0.9897435897435898,195,54494
lightgbm,feature_noise_v2,0,Q1 earliest,0.658389334351032,0.7894736842105263,19,54494
lightgbm,feature_noise_v2,0,Q2,0.9827340424956638,1.0,53,54493
lightgbm,feature_noise_v2,0,Q3,0.8240068357851429,0.8658536585365854,82,54493
lightgbm,feature_noise_v2,0,Q4 latest,0.9843171244247337,0.9846153846153847,195,54494
lightgbm,feature_noise_v2,1,Q1 earliest,0.6792028890689157,0.7894736842105263,19,54494
lightgbm,feature_noise_v2,1,Q2,0.983366756424976,1.0,53,54493
lightgbm,feature_noise_v2,1,Q3,0.818042895327521,0.8658536585365854,82,54493
lightgbm,feature_noise_v2,1,Q4 latest,0.9858555546465199,0.9897435897435898,195,54494
lightgbm,feature_noise_v2,2,Q1 earliest,0.6533531810417799,0.7368421052631579,19,54494
lightgbm,feature_noise_v2,2,Q2,0.9773868508416328,1.0,53,54493
lightgbm,feature_noise_v2,2,Q3,0.8142835343663423,0.8658536585365854,82,54493
lightgbm,feature_noise_v2,2,Q4 latest,0.9853065212925327,0.9897435897435898,195,54494
lightgbm,feature_noise_v2,3,Q1 earliest,0.6845304387431537,0.7894736842105263,19,54494
lightgbm,feature_noise_v2,3,Q2,0.9839257066122631,1.0,53,54493
lightgbm,feature_noise_v2,3,Q3,0.8235932071621853,0.8658536585365854,82,54493
lightgbm,feature_noise_v2,3,Q4 latest,0.985811547632409,0.9897435897435898,195,54494
lightgbm,feature_noise_v2,4,Q1 earliest,0.677412486282834,0.7894736842105263,19,54494
lightgbm,feature_noise_v2,4,Q2,0.980505942733902,1.0,53,54493
lightgbm,feature_noise_v2,4,Q3,0.824330429218484,0.8780487804878049,82,54493
lightgbm,feature_noise_v2,4,Q4 latest,0.9847186439470845,0.9846153846153847,195,54494
lightgbm,feature_noise_v2,5,Q1 earliest,0.653546537978007,0.7894736842105263,19,54494
lightgbm,feature_noise_v2,5,Q2,0.9819606980606324,1.0,53,54493
lightgbm,feature_noise_v2,5,Q3,0.8223721410591134,0.8658536585365854,82,54493
lightgbm,feature_noise_v2,5,Q4 latest,0.9836838387151922,0.9846153846153847,195,54494
lightgbm,feature_noise_v2,6,Q1 earliest,0.6598624724436167,0.7894736842105263,19,54494
lightgbm,feature_noise_v2,6,Q2,0.982885733953454,1.0,53,54493
lightgbm,feature_noise_v2,6,Q3,0.820887944872842,0.8658536585365854,82,54493
lightgbm,feature_noise_v2,6,Q4 latest,0.9857027247202882,0.9897435897435898,195,54494
lightgbm,feature_noise_v2,7,Q1 earliest,0.659512393746795,0.7894736842105263,19,54494
lightgbm,feature_noise_v2,7,Q2,0.9745617007512191,1.0,53,54493
lightgbm,feature_noise_v2,7,Q3,0.8139735766230469,0.8658536585365854,82,54493
lightgbm,feature_noise_v2,7,Q4 latest,0.981148102572483,0.9846153846153847,195,54494
lightgbm,feature_noise_v2,8,Q1 earliest,0.664127869898441,0.7368421052631579,19,54494
lightgbm,feature_noise_v2,8,Q2,0.9825342770612436,1.0,53,54493
lightgbm,feature_noise_v2,8,Q3,0.8287770850469816,0.8658536585365854,82,54493
lightgbm,feature_noise_v2,8,Q4 latest,0.9849253867823203,0.9846153846153847,195,54494
lightgbm,feature_noise_v2,9,Q1 earliest,0.6558434093974477,0.7894736842105263,19,54494
lightgbm,feature_noise_v2,9,Q2,0.9835235666674065,1.0,53,54493
lightgbm,feature_noise_v2,9,Q3,0.8164117528686191,0.8658536585365854,82,54493
lightgbm,feature_noise_v2,9,Q4 latest,0.9858472682041023,0.9897435897435898,195,54494
lightgbm,hard_projected_v2,0,Q1 earliest,0.713096256078773,0.8421052631578947,19,54494
lightgbm,hard_projected_v2,0,Q2,0.9963004595380163,1.0,53,54493
lightgbm,hard_projected_v2,0,Q3,0.8495949977548187,0.8902439024390244,82,54493
lightgbm,hard_projected_v2,0,Q4 latest,0.9847404537821938,0.9846153846153847,195,54494
lightgbm,hard_projected_v2,1,Q1 earliest,0.7318550676040463,0.8421052631578947,19,54494
lightgbm,hard_projected_v2,1,Q2,0.9947596318659435,1.0,53,54493
lightgbm,hard_projected_v2,1,Q3,0.850784003845446,0.8536585365853658,82,54493
lightgbm,hard_projected_v2,1,Q4 latest,0.9856104422525246,0.9846153846153847,195,54494
lightgbm,hard_projected_v2,2,Q1 earliest,0.7695149898790381,0.8947368421052632,19,54494
lightgbm,hard_projected_v2,2,Q2,0.9911091568736331,1.0,53,54493
lightgbm,hard_projected_v2,2,Q3,0.8427487558957827,0.8536585365853658,82,54493
lightgbm,hard_projected_v2,2,Q4 latest,0.9849876479573955,0.9846153846153847,195,54494
lightgbm,hard_projected_v2,3,Q1 earliest,0.7625847537141326,0.8947368421052632,19,54494
lightgbm,hard_projected_v2,3,Q2,0.9979030844819381,1.0,53,54493
lightgbm,hard_projected_v2,3,Q3,0.8573117549603053,0.8658536585365854,82,54493
lightgbm,hard_projected_v2,3,Q4 latest,0.9838805035161151,0.9846153846153847,195,54494
lightgbm,hard_projected_v2,4,Q1 earliest,0.7332794631432357,0.7894736842105263,19,54494
lightgbm,hard_projected_v2,4,Q2,0.9980174562060372,1.0,53,54493
lightgbm,hard_projected_v2,4,Q3,0.849478471432395,0.8536585365853658,82,54493
lightgbm,hard_projected_v2,4,Q4 latest,0.9848604707747153,0.9846153846153847,195,54494
lightgbm,hard_projected_v2,5,Q1 earliest,0.7423335526444186,1.0,19,54494
lightgbm,hard_projected_v2,5,Q2,0.9958905396689961,1.0,53,54493
lightgbm,hard_projected_v2,5,Q3,0.849359736451186,0.9146341463414634,82,54493
lightgbm,hard_projected_v2,5,Q4 latest,0.984231594595674,0.9846153846153847,195,54494
lightgbm,hard_projected_v2,6,Q1 earliest,0.7456488128772406,0.8421052631578947,19,54494
lightgbm,hard_projected_v2,6,Q2,0.999294595414211,1.0,53,54493
lightgbm,hard_projected_v2,6,Q3,0.8464550395611826,0.8536585365853658,82,54493
lightgbm,hard_projected_v2,6,Q4 latest,0.9849722713194349,0.9846153846153847,195,54494
lightgbm,hard_projected_v2,7,Q1 earliest,0.7511873985131023,0.8421052631578947,19,54494
lightgbm,hard_projected_v2,7,Q2,0.9955673709469921,1.0,53,54493
lightgbm,hard_projected_v2,7,Q3,0.8540788748659761,0.8780487804878049,82,54493
lightgbm,hard_projected_v2,7,Q4 latest,0.984933213529064,0.9846153846153847,195,54494
lightgbm,hard_projected_v2,8,Q1 earliest,0.7193317901518287,0.8421052631578947,19,54494
lightgbm,hard_projected_v2,8,Q2,0.9950337375644707,1.0,53,54493
lightgbm,hard_projected_v2,8,Q3,0.8432129977138407,0.8536585365853658,82,54493
lightgbm,hard_projected_v2,8,Q4 latest,0.9847541226694521,0.9846153846153847,195,54494
lightgbm,hard_projected_v2,9,Q1 earliest,0.7501267106129369,0.8421052631578947,19,54494
lightgbm,hard_projected_v2,9,Q2,0.9957226024168041,1.0,53,54493
lightgbm,hard_projected_v2,9,Q3,0.8444218078246003,0.8536585365853658,82,54493
lightgbm,hard_projected_v2,9,Q4 latest,0.9861433306125665,0.9897435897435898,195,54494
lightgbm,mixup_repaired_v2,0,Q1 earliest,0.6721764046242028,0.8947368421052632,19,54494
lightgbm,mixup_repaired_v2,0,Q2,0.9783979747553655,1.0,53,54493
lightgbm,mixup_repaired_v2,0,Q3,0.8249962801067656,0.8780487804878049,82,54493
lightgbm,mixup_repaired_v2,0,Q4 latest,0.9838350062443111,0.9846153846153847,195,54494
lightgbm,mixup_repaired_v2,1,Q1 earliest,0.652873001262489,0.8421052631578947,19,54494
lightgbm,mixup_repaired_v2,1,Q2,0.9761239235127945,1.0,53,54493
lightgbm,mixup_repaired_v2,1,Q3,0.8278159432474075,0.8658536585365854,82,54493
lightgbm,mixup_repaired_v2,1,Q4 latest,0.9839427718034406,0.9846153846153847,195,54494
lightgbm,mixup_repaired_v2,2,Q1 earliest,0.6874086746156843,0.7368421052631579,19,54494
lightgbm,mixup_repaired_v2,2,Q2,0.9926846806834434,1.0,53,54493
lightgbm,mixup_repaired_v2,2,Q3,0.8405414091278456,0.8658536585365854,82,54493
lightgbm,mixup_repaired_v2,2,Q4 latest,0.9844177830252633,0.9846153846153847,195,54494
lightgbm,mixup_repaired_v2,3,Q1 earliest,0.7212745797294109,0.9473684210526315,19,54494
lightgbm,mixup_repaired_v2,3,Q2,0.9911976196422834,1.0,53,54493
lightgbm,mixup_repaired_v2,3,Q3,0.831952825873249,0.8536585365853658,82,54493
lightgbm,mixup_repaired_v2,3,Q4 latest,0.9841013139732019,0.9846153846153847,195,54494
lightgbm,mixup_repaired_v2,4,Q1 earliest,0.6629609091595003,0.7894736842105263,19,54494
lightgbm,mixup_repaired_v2,4,Q2,0.9728919293250795,1.0,53,54493
lightgbm,mixup_repaired_v2,4,Q3,0.8245049233458224,0.9024390243902439,82,54493
lightgbm,mixup_repaired_v2,4,Q4 latest,0.9839194430878724,0.9846153846153847,195,54494
lightgbm,mixup_repaired_v2,5,Q1 earliest,0.6749054596208336,0.8421052631578947,19,54494
lightgbm,mixup_repaired_v2,5,Q2,0.97631451880734,1.0,53,54493
lightgbm,mixup_repaired_v2,5,Q3,0.8243422760445205,0.8536585365853658,82,54493
lightgbm,mixup_repaired_v2,5,Q4 latest,0.983844845820359,0.9846153846153847,195,54494
lightgbm,mixup_repaired_v2,6,Q1 earliest,0.6707192766564436,0.8421052631578947,19,54494
lightgbm,mixup_repaired_v2,6,Q2,0.9910187620080191,1.0,53,54493
lightgbm,mixup_repaired_v2,6,Q3,0.8259082745455271,0.8658536585365854,82,54493
lightgbm,mixup_repaired_v2,6,Q4 latest,0.9844582165966924,0.9846153846153847,195,54494
lightgbm,mixup_repaired_v2,7,Q1 earliest,0.6950939644066751,0.7894736842105263,19,54494
lightgbm,mixup_repaired_v2,7,Q2,0.9875251373644899,1.0,53,54493
lightgbm,mixup_repaired_v2,7,Q3,0.8291188325249028,0.8536585365853658,82,54493
lightgbm,mixup_repaired_v2,7,Q4 latest,0.9839781421330873,0.9846153846153847,195,54494
lightgbm,mixup_repaired_v2,8,Q1 earliest,0.7180350416452909,0.8947368421052632,19,54494
lightgbm,mixup_repaired_v2,8,Q2,0.9889935440179387,1.0,53,54493
lightgbm,mixup_repaired_v2,8,Q3,0.8271938253096018,0.8902439024390244,82,54493
lightgbm,mixup_repaired_v2,8,Q4 latest,0.9838319054591417,0.9846153846153847,195,54494
lightgbm,mixup_repaired_v2,9,Q1 earliest,0.6423514179328531,0.7894736842105263,19,54494
lightgbm,mixup_repaired_v2,9,Q2,0.9703547699579971,1.0,53,54493
lightgbm,mixup_repaired_v2,9,Q3,0.8054442711170899,0.8780487804878049,82,54493
lightgbm,mixup_repaired_v2,9,Q4 latest,0.9801117877038696,0.9846153846153847,195,54494
lightgbm,mixup_v2,0,Q1 earliest,0.6909458878854966,0.8947368421052632,19,54494
lightgbm,mixup_v2,0,Q2,0.9834546006294818,1.0,53,54493
lightgbm,mixup_v2,0,Q3,0.8393428610101028,0.8658536585365854,82,54493
lightgbm,mixup_v2,0,Q4 latest,0.9854381018046636,0.9846153846153847,195,54494
lightgbm,mixup_v2,1,Q1 earliest,0.7062280220898608,0.9473684210526315,19,54494
lightgbm,mixup_v2,1,Q2,0.9878296574834471,1.0,53,54493
lightgbm,mixup_v2,1,Q3,0.8342814074382743,0.9024390243902439,82,54493
lightgbm,mixup_v2,1,Q4 latest,0.9853919665764908,0.9846153846153847,195,54494
lightgbm,mixup_v2,2,Q1 earliest,0.7263183086560859,0.7894736842105263,19,54494
lightgbm,mixup_v2,2,Q2,0.9955860542284982,1.0,53,54493
lightgbm,mixup_v2,2,Q3,0.8474637778783868,0.9024390243902439,82,54493
lightgbm,mixup_v2,2,Q4 latest,0.9870206935944232,0.9897435897435898,195,54494
lightgbm,mixup_v2,3,Q1 earliest,0.7455265374298711,0.8947368421052632,19,54494
lightgbm,mixup_v2,3,Q2,0.9913847095648274,1.0,53,54493
lightgbm,mixup_v2,3,Q3,0.8461347196534749,0.8780487804878049,82,54493
lightgbm,mixup_v2,3,Q4 latest,0.9853945471534405,0.9846153846153847,195,54494
lightgbm,mixup_v2,4,Q1 earliest,0.7150890185970364,0.9473684210526315,19,54494
lightgbm,mixup_v2,4,Q2,0.984445218920224,1.0,53,54493
lightgbm,mixup_v2,4,Q3,0.8501350663532143,0.926829268292683,82,54493
lightgbm,mixup_v2,4,Q4 latest,0.9855824853039983,0.9897435897435898,195,54494
lightgbm,mixup_v2,5,Q1 earliest,0.7105289080808482,0.8947368421052632,19,54494
lightgbm,mixup_v2,5,Q2,0.9895125379614835,1.0,53,54493
lightgbm,mixup_v2,5,Q3,0.8394222568044742,0.926829268292683,82,54493
lightgbm,mixup_v2,5,Q4 latest,0.9861836953083312,0.9897435897435898,195,54494
lightgbm,mixup_v2,6,Q1 earliest,0.7132090001001814,0.9473684210526315,19,54494
lightgbm,mixup_v2,6,Q2,0.9917205039534396,1.0,53,54493
lightgbm,mixup_v2,6,Q3,0.8457908280826947,0.9024390243902439,82,54493
lightgbm,mixup_v2,6,Q4 latest,0.9861541351005364,0.9897435897435898,195,54494
lightgbm,mixup_v2,7,Q1 earliest,0.7238669802117425,0.8421052631578947,19,54494
lightgbm,mixup_v2,7,Q2,0.9918077156049585,1.0,53,54493
lightgbm,mixup_v2,7,Q3,0.845953854078038,0.8780487804878049,82,54493
lightgbm,mixup_v2,7,Q4 latest,0.9858347903195007,0.9846153846153847,195,54494
lightgbm,mixup_v2,8,Q1 earliest,0.7175784188868555,0.8421052631578947,19,54494
lightgbm,mixup_v2,8,Q2,0.9897213736739743,1.0,53,54493
lightgbm,mixup_v2,8,Q3,0.8405549477319155,0.8902439024390244,82,54493
lightgbm,mixup_v2,8,Q4 latest,0.9855521556041174,0.9846153846153847,195,54494
lightgbm,mixup_v2,9,Q1 earliest,0.716263368566,0.8947368421052632,19,54494
lightgbm,mixup_v2,9,Q2,0.984656285714316,1.0,53,54493
lightgbm,mixup_v2,9,Q3,0.8513144507007475,0.926829268292683,82,54493
lightgbm,mixup_v2,9,Q4 latest,0.9852996368455269,0.9897435897435898,195,54494
lightgbm,none,0,Q1 earliest,0.6464276511934905,0.7894736842105263,19,54494
lightgbm,none,0,Q2,0.9808304143568662,1.0,53,54493
lightgbm,none,0,Q3,0.8159510874273136,0.8536585365853658,82,54493
lightgbm,none,0,Q4 latest,0.9841216395360549,0.9846153846153847,195,54494
lightgbm,none,1,Q1 earliest,0.6515319942970486,0.7894736842105263,19,54494
lightgbm,none,1,Q2,0.9773228689908269,1.0,53,54493
lightgbm,none,1,Q3,0.8124298212523946,0.8658536585365854,82,54493
lightgbm,none,1,Q4 latest,0.9840721049537818,0.9897435897435898,195,54494
lightgbm,none,2,Q1 earliest,0.6623783056078353,0.8421052631578947,19,54494
lightgbm,none,2,Q2,0.9803369213755284,1.0,53,54493
lightgbm,none,2,Q3,0.8209258612594258,0.8780487804878049,82,54493
lightgbm,none,2,Q4 latest,0.9853325212573121,0.9897435897435898,195,54494
lightgbm,none,3,Q1 earliest,0.6548907465472547,0.8421052631578947,19,54494
lightgbm,none,3,Q2,0.9791392054016153,1.0,53,54493
lightgbm,none,3,Q3,0.8158030718502104,0.8780487804878049,82,54493
lightgbm,none,3,Q4 latest,0.9855722840685823,0.9897435897435898,195,54494
lightgbm,none,4,Q1 earliest,0.6509043528534147,0.8421052631578947,19,54494
lightgbm,none,4,Q2,0.9782539541055036,1.0,53,54493
lightgbm,none,4,Q3,0.818422326511474,0.8780487804878049,82,54493
lightgbm,none,4,Q4 latest,0.9855920354493135,0.9897435897435898,195,54494
lightgbm,none,5,Q1 earliest,0.66269594298183,0.7894736842105263,19,54494
lightgbm,none,5,Q2,0.9798937844172759,1.0,53,54493
lightgbm,none,5,Q3,0.8233504989290694,0.8902439024390244,82,54493
lightgbm,none,5,Q4 latest,0.985444390537238,0.9897435897435898,195,54494
lightgbm,none,6,Q1 earliest,0.6629799355444151,0.7894736842105263,19,54494
lightgbm,none,6,Q2,0.9800123479923701,1.0,53,54493
lightgbm,none,6,Q3,0.821171026270034,0.8780487804878049,82,54493
lightgbm,none,6,Q4 latest,0.9859540896898833,0.9897435897435898,195,54494
lightgbm,none,7,Q1 earliest,0.648709585591574,0.7894736842105263,19,54494
lightgbm,none,7,Q2,0.9782639789646956,1.0,53,54493
lightgbm,none,7,Q3,0.8118607282337997,0.8780487804878049,82,54493
lightgbm,none,7,Q4 latest,0.9851757081491026,0.9897435897435898,195,54494
lightgbm,none,8,Q1 earliest,0.6557129976987207,0.7894736842105263,19,54494
lightgbm,none,8,Q2,0.9772126324877224,1.0,53,54493
lightgbm,none,8,Q3,0.8177698943229871,0.8780487804878049,82,54493
lightgbm,none,8,Q4 latest,0.9853098667779996,0.9897435897435898,195,54494
lightgbm,none,9,Q1 earliest,0.6546209025182503,0.7894736842105263,19,54494
lightgbm,none,9,Q2,0.9792582314897578,1.0,53,54493
lightgbm,none,9,Q3,0.8185148853872244,0.8658536585365854,82,54493
lightgbm,none,9,Q4 latest,0.9859232472418893,0.9897435897435898,195,54494
lightgbm,plausible_hard_projected_v2,0,Q1 earliest,0.7522511351979037,0.8947368421052632,19,54494
lightgbm,plausible_hard_projected_v2,0,Q2,0.9957978475778404,1.0,53,54493
lightgbm,plausible_hard_projected_v2,0,Q3,0.8552939740058058,0.8902439024390244,82,54493
lightgbm,plausible_hard_projected_v2,0,Q4 latest,0.9841457273417655,0.9846153846153847,195,54494
lightgbm,plausible_hard_projected_v2,1,Q1 earliest,0.7513795700088379,0.8947368421052632,19,54494
lightgbm,plausible_hard_projected_v2,1,Q2,0.9942557565754014,1.0,53,54493
lightgbm,plausible_hard_projected_v2,1,Q3,0.8456164277696122,0.8536585365853658,82,54493
lightgbm,plausible_hard_projected_v2,1,Q4 latest,0.9842533158927413,0.9846153846153847,195,54494
lightgbm,plausible_hard_projected_v2,2,Q1 earliest,0.7663319807114,0.8947368421052632,19,54494
lightgbm,plausible_hard_projected_v2,2,Q2,0.9929498486349296,1.0,53,54493
lightgbm,plausible_hard_projected_v2,2,Q3,0.8500535366065844,0.8536585365853658,82,54493
lightgbm,plausible_hard_projected_v2,2,Q4 latest,0.9848874683537668,0.9846153846153847,195,54494
lightgbm,plausible_hard_projected_v2,3,Q1 earliest,0.7513529985684676,0.8947368421052632,19,54494
lightgbm,plausible_hard_projected_v2,3,Q2,0.9982904063092743,1.0,53,54493
lightgbm,plausible_hard_projected_v2,3,Q3,0.8526664933236724,0.8902439024390244,82,54493
lightgbm,plausible_hard_projected_v2,3,Q4 latest,0.984838401610176,0.9846153846153847,195,54494
lightgbm,plausible_hard_projected_v2,4,Q1 earliest,0.7677832771348794,0.8947368421052632,19,54494
lightgbm,plausible_hard_projected_v2,4,Q2,0.9951140838698724,1.0,53,54493
lightgbm,plausible_hard_projected_v2,4,Q3,0.8517754272321081,0.8780487804878049,82,54493
lightgbm,plausible_hard_projected_v2,4,Q4 latest,0.9837485405310928,0.9846153846153847,195,54494
lightgbm,plausible_hard_projected_v2,5,Q1 earliest,0.7642880432602737,0.8947368421052632,19,54494
lightgbm,plausible_hard_projected_v2,5,Q2,0.9947173682309872,1.0,53,54493
lightgbm,plausible_hard_projected_v2,5,Q3,0.8494902991808628,0.8780487804878049,82,54493
lightgbm,plausible_hard_projected_v2,5,Q4 latest,0.9839825123737914,0.9846153846153847,195,54494
lightgbm,plausible_hard_projected_v2,6,Q1 earliest,0.7474071229817901,0.9473684210526315,19,54494
lightgbm,plausible_hard_projected_v2,6,Q2,0.9983734547820429,1.0,53,54493
lightgbm,plausible_hard_projected_v2,6,Q3,0.8519936163785943,0.8536585365853658,82,54493
lightgbm,plausible_hard_projected_v2,6,Q4 latest,0.9842921985476907,0.9846153846153847,195,54494
lightgbm,plausible_hard_projected_v2,7,Q1 earliest,0.7282447460190513,0.8947368421052632,19,54494
lightgbm,plausible_hard_projected_v2,7,Q2,0.9925856382915623,1.0,53,54493
lightgbm,plausible_hard_projected_v2,7,Q3,0.8547104830961267,0.8780487804878049,82,54493
lightgbm,plausible_hard_projected_v2,7,Q4 latest,0.9851433660843796,0.9846153846153847,195,54494
lightgbm,plausible_hard_projected_v2,8,Q1 earliest,0.72629075160352,0.8421052631578947,19,54494
lightgbm,plausible_hard_projected_v2,8,Q2,0.9975255180946488,1.0,53,54493
lightgbm,plausible_hard_projected_v2,8,Q3,0.8504076526284582,0.8536585365853658,82,54493
lightgbm,plausible_hard_projected_v2,8,Q4 latest,0.9844675747244778,0.9846153846153847,195,54494
lightgbm,plausible_hard_projected_v2,9,Q1 earliest,0.7414708441498188,0.7894736842105263,19,54494
lightgbm,plausible_hard_projected_v2,9,Q2,0.9957277070605401,1.0,53,54493
lightgbm,plausible_hard_projected_v2,9,Q3,0.8488374060822065,0.8536585365853658,82,54493
lightgbm,plausible_hard_projected_v2,9,Q4 latest,0.9861532561145818,0.9897435897435898,195,54494
lightgbm,plausible_typology_projected_v2,0,Q1 earliest,0.7164338818365631,0.8421052631578947,19,54494
lightgbm,plausible_typology_projected_v2,0,Q2,0.9949184740716802,1.0,53,54493
lightgbm,plausible_typology_projected_v2,0,Q3,0.8523958094684495,0.8902439024390244,82,54493
lightgbm,plausible_typology_projected_v2,0,Q4 latest,0.984768834677039,0.9846153846153847,195,54494
lightgbm,plausible_typology_projected_v2,1,Q1 earliest,0.6738691647843478,0.7894736842105263,19,54494
lightgbm,plausible_typology_projected_v2,1,Q2,0.9931285661340488,1.0,53,54493
lightgbm,plausible_typology_projected_v2,1,Q3,0.8454954049936962,0.8536585365853658,82,54493
lightgbm,plausible_typology_projected_v2,1,Q4 latest,0.9858620401222087,0.9846153846153847,195,54494
lightgbm,plausible_typology_projected_v2,2,Q1 earliest,0.7751013985627823,0.8947368421052632,19,54494
lightgbm,plausible_typology_projected_v2,2,Q2,0.9952869507777318,1.0,53,54493
lightgbm,plausible_typology_projected_v2,2,Q3,0.8535809452102683,0.8536585365853658,82,54493
lightgbm,plausible_typology_projected_v2,2,Q4 latest,0.9848849333467642,0.9846153846153847,195,54494
lightgbm,plausible_typology_projected_v2,3,Q1 earliest,0.7342758971425657,0.8947368421052632,19,54494
lightgbm,plausible_typology_projected_v2,3,Q2,0.998081228014071,1.0,53,54493
lightgbm,plausible_typology_projected_v2,3,Q3,0.8554443070335842,0.9024390243902439,82,54493
lightgbm,plausible_typology_projected_v2,3,Q4 latest,0.9854173457143164,0.9846153846153847,195,54494
lightgbm,plausible_typology_projected_v2,4,Q1 earliest,0.7229593967017292,0.8421052631578947,19,54494
lightgbm,plausible_typology_projected_v2,4,Q2,0.995377928885747,1.0,53,54493
lightgbm,plausible_typology_projected_v2,4,Q3,0.8553403695566277,0.8780487804878049,82,54493
lightgbm,plausible_typology_projected_v2,4,Q4 latest,0.9857398897320637,0.9846153846153847,195,54494
lightgbm,plausible_typology_projected_v2,5,Q1 earliest,0.7517073027155221,1.0,19,54494
lightgbm,plausible_typology_projected_v2,5,Q2,0.9958438450517482,1.0,53,54493
lightgbm,plausible_typology_projected_v2,5,Q3,0.8546224450991218,0.926829268292683,82,54493
lightgbm,plausible_typology_projected_v2,5,Q4 latest,0.9847946907881165,0.9846153846153847,195,54494
lightgbm,plausible_typology_projected_v2,6,Q1 earliest,0.7241659947509037,0.8947368421052632,19,54494
lightgbm,plausible_typology_projected_v2,6,Q2,0.9946554974190934,1.0,53,54493
lightgbm,plausible_typology_projected_v2,6,Q3,0.8575950709509411,0.8658536585365854,82,54493
lightgbm,plausible_typology_projected_v2,6,Q4 latest,0.984866050693179,0.9846153846153847,195,54494
lightgbm,plausible_typology_projected_v2,7,Q1 earliest,0.7084030129346524,0.8421052631578947,19,54494
lightgbm,plausible_typology_projected_v2,7,Q2,0.9938329604223277,1.0,53,54493
lightgbm,plausible_typology_projected_v2,7,Q3,0.85910650869105,0.8780487804878049,82,54493
lightgbm,plausible_typology_projected_v2,7,Q4 latest,0.9849968521453846,0.9846153846153847,195,54494
lightgbm,plausible_typology_projected_v2,8,Q1 earliest,0.707278777497003,0.8421052631578947,19,54494
lightgbm,plausible_typology_projected_v2,8,Q2,0.9869367431465366,1.0,53,54493
lightgbm,plausible_typology_projected_v2,8,Q3,0.8393337010394942,0.8536585365853658,82,54493
lightgbm,plausible_typology_projected_v2,8,Q4 latest,0.9852534457164654,0.9846153846153847,195,54494
lightgbm,plausible_typology_projected_v2,9,Q1 earliest,0.7045231545567961,0.8421052631578947,19,54494
lightgbm,plausible_typology_projected_v2,9,Q2,0.9941053458348361,1.0,53,54493
lightgbm,plausible_typology_projected_v2,9,Q3,0.8488389450896713,0.8536585365853658,82,54493
lightgbm,plausible_typology_projected_v2,9,Q4 latest,0.988403942887831,0.9897435897435898,195,54494
lightgbm,random_feasible_v2,0,Q1 earliest,0.6515940812524986,0.7894736842105263,19,54494
lightgbm,random_feasible_v2,0,Q2,0.9800612357453661,1.0,53,54493
lightgbm,random_feasible_v2,0,Q3,0.8212181743743122,0.8658536585365854,82,54493
lightgbm,random_feasible_v2,0,Q4 latest,0.9850486358892943,0.9897435897435898,195,54494
lightgbm,random_feasible_v2,1,Q1 earliest,0.6770853669610856,0.8421052631578947,19,54494
lightgbm,random_feasible_v2,1,Q2,0.9791778318886994,1.0,53,54493
lightgbm,random_feasible_v2,1,Q3,0.8201421676516898,0.9024390243902439,82,54493
lightgbm,random_feasible_v2,1,Q4 latest,0.9845143938470295,0.9897435897435898,195,54494
lightgbm,random_feasible_v2,2,Q1 earliest,0.6750019492780986,0.7368421052631579,19,54494
lightgbm,random_feasible_v2,2,Q2,0.9876412892819174,1.0,53,54493
lightgbm,random_feasible_v2,2,Q3,0.825970282112267,0.9024390243902439,82,54493
lightgbm,random_feasible_v2,2,Q4 latest,0.9843339892111005,0.9846153846153847,195,54494
lightgbm,random_feasible_v2,3,Q1 earliest,0.6854442558807633,0.8421052631578947,19,54494
lightgbm,random_feasible_v2,3,Q2,0.9857155425138368,1.0,53,54493
lightgbm,random_feasible_v2,3,Q3,0.8331913714582508,0.8902439024390244,82,54493
lightgbm,random_feasible_v2,3,Q4 latest,0.9847837451008039,0.9846153846153847,195,54494
lightgbm,random_feasible_v2,4,Q1 earliest,0.672959884095453,0.8421052631578947,19,54494
lightgbm,random_feasible_v2,4,Q2,0.9822184056880179,1.0,53,54493
lightgbm,random_feasible_v2,4,Q3,0.8207900219606088,0.8780487804878049,82,54493
lightgbm,random_feasible_v2,4,Q4 latest,0.9836921673249193,0.9846153846153847,195,54494
lightgbm,random_feasible_v2,5,Q1 earliest,0.6836061499883171,0.7894736842105263,19,54494
lightgbm,random_feasible_v2,5,Q2,0.9869380605518105,1.0,53,54493
lightgbm,random_feasible_v2,5,Q3,0.8267442144328796,0.8780487804878049,82,54493
lightgbm,random_feasible_v2,5,Q4 latest,0.9841205340975787,0.9846153846153847,195,54494
lightgbm,random_feasible_v2,6,Q1 earliest,0.6487726491171657,0.7894736842105263,19,54494
lightgbm,random_feasible_v2,6,Q2,0.9784260234499451,1.0,53,54493
lightgbm,random_feasible_v2,6,Q3,0.8300362505657389,0.926829268292683,82,54493
lightgbm,random_feasible_v2,6,Q4 latest,0.9852260232399745,0.9846153846153847,195,54494
lightgbm,random_feasible_v2,7,Q1 earliest,0.6608726593494411,0.7894736842105263,19,54494
lightgbm,random_feasible_v2,7,Q2,0.9748616039594554,1.0,53,54493
lightgbm,random_feasible_v2,7,Q3,0.8175782620739254,0.8780487804878049,82,54493
lightgbm,random_feasible_v2,7,Q4 latest,0.9835644532603333,0.9846153846153847,195,54494
lightgbm,random_feasible_v2,8,Q1 earliest,0.6543829156308028,0.8421052631578947,19,54494
lightgbm,random_feasible_v2,8,Q2,0.984148329620723,1.0,53,54493
lightgbm,random_feasible_v2,8,Q3,0.8231184033891042,0.9146341463414634,82,54493
lightgbm,random_feasible_v2,8,Q4 latest,0.9843072506657811,0.9846153846153847,195,54494
lightgbm,random_feasible_v2,9,Q1 earliest,0.6626647180685135,0.7894736842105263,19,54494
lightgbm,random_feasible_v2,9,Q2,0.9895899963262729,1.0,53,54493
lightgbm,random_feasible_v2,9,Q3,0.8236656236902019,0.8658536585365854,82,54493
lightgbm,random_feasible_v2,9,Q4 latest,0.9856018151113946,0.9897435897435898,195,54494
lightgbm,smote_repaired_v2,0,Q1 earliest,0.6498168850431794,0.7894736842105263,19,54494
lightgbm,smote_repaired_v2,0,Q2,0.9796280183015054,1.0,53,54493
lightgbm,smote_repaired_v2,0,Q3,0.8182722037702675,0.8536585365853658,82,54493
lightgbm,smote_repaired_v2,0,Q4 latest,0.9845495936224259,0.9846153846153847,195,54494
lightgbm,smote_repaired_v2,1,Q1 earliest,0.6462114599103156,0.7894736842105263,19,54494
lightgbm,smote_repaired_v2,1,Q2,0.9772040067266712,1.0,53,54493
lightgbm,smote_repaired_v2,1,Q3,0.8201336368198887,0.8658536585365854,82,54493
lightgbm,smote_repaired_v2,1,Q4 latest,0.9846509324465578,0.9897435897435898,195,54494
lightgbm,smote_repaired_v2,2,Q1 earliest,0.6501895415082695,0.7894736842105263,19,54494
lightgbm,smote_repaired_v2,2,Q2,0.9754532779768839,1.0,53,54493
lightgbm,smote_repaired_v2,2,Q3,0.8112158118611904,0.8658536585365854,82,54493
lightgbm,smote_repaired_v2,2,Q4 latest,0.984817861674087,0.9897435897435898,195,54494
lightgbm,smote_repaired_v2,3,Q1 earliest,0.6685714663957995,0.7894736842105263,19,54494
lightgbm,smote_repaired_v2,3,Q2,0.9787577362932932,1.0,53,54493
lightgbm,smote_repaired_v2,3,Q3,0.8241933027747983,0.8536585365853658,82,54493
lightgbm,smote_repaired_v2,3,Q4 latest,0.9841828887685539,0.9897435897435898,195,54494
lightgbm,smote_repaired_v2,4,Q1 earliest,0.6626415729297886,0.7894736842105263,19,54494
lightgbm,smote_repaired_v2,4,Q2,0.9773763020381581,1.0,53,54493
lightgbm,smote_repaired_v2,4,Q3,0.8231316688319916,0.8902439024390244,82,54493
lightgbm,smote_repaired_v2,4,Q4 latest,0.982867363429002,0.9846153846153847,195,54494
lightgbm,smote_repaired_v2,5,Q1 earliest,0.6614902823162293,0.7894736842105263,19,54494
lightgbm,smote_repaired_v2,5,Q2,0.9795740091469513,1.0,53,54493
lightgbm,smote_repaired_v2,5,Q3,0.820291730823895,0.9146341463414634,82,54493
lightgbm,smote_repaired_v2,5,Q4 latest,0.9836408629130885,0.9846153846153847,195,54494
lightgbm,smote_repaired_v2,6,Q1 earliest,0.6566254769029847,0.8421052631578947,19,54494
lightgbm,smote_repaired_v2,6,Q2,0.9840370182786882,1.0,53,54493
lightgbm,smote_repaired_v2,6,Q3,0.82723867106639,0.9024390243902439,82,54493
lightgbm,smote_repaired_v2,6,Q4 latest,0.9846662877996696,0.9846153846153847,195,54494
lightgbm,smote_repaired_v2,7,Q1 earliest,0.6463696591349697,0.7894736842105263,19,54494
lightgbm,smote_repaired_v2,7,Q2,0.9756378203106688,1.0,53,54493
lightgbm,smote_repaired_v2,7,Q3,0.8085700874713974,0.8658536585365854,82,54493
lightgbm,smote_repaired_v2,7,Q4 latest,0.9830473310173355,0.9846153846153847,195,54494
lightgbm,smote_repaired_v2,8,Q1 earliest,0.6575838168208665,0.8947368421052632,19,54494
lightgbm,smote_repaired_v2,8,Q2,0.979455430323708,1.0,53,54493
lightgbm,smote_repaired_v2,8,Q3,0.8207171612348002,0.9146341463414634,82,54493
lightgbm,smote_repaired_v2,8,Q4 latest,0.9854541431273226,0.9897435897435898,195,54494
lightgbm,smote_repaired_v2,9,Q1 earliest,0.6731222496980301,0.9473684210526315,19,54494
lightgbm,smote_repaired_v2,9,Q2,0.9771951411642339,1.0,53,54493
lightgbm,smote_repaired_v2,9,Q3,0.8197912312023221,0.926829268292683,82,54493
lightgbm,smote_repaired_v2,9,Q4 latest,0.9854668144072425,0.9897435897435898,195,54494
lightgbm,smote_v2,0,Q1 earliest,0.6453197236942942,0.7894736842105263,19,54494
lightgbm,smote_v2,0,Q2,0.9797406535808858,1.0,53,54493
lightgbm,smote_v2,0,Q3,0.8224569932128213,0.8902439024390244,82,54493
lightgbm,smote_v2,0,Q4 latest,0.9838797533004525,0.9846153846153847,195,54494
lightgbm,smote_v2,1,Q1 earliest,0.6530102889684057,0.8421052631578947,19,54494
lightgbm,smote_v2,1,Q2,0.971284421358792,1.0,53,54493
lightgbm,smote_v2,1,Q3,0.8067418779241352,0.8780487804878049,82,54493
lightgbm,smote_v2,1,Q4 latest,0.9835901658952374,0.9897435897435898,195,54494
lightgbm,smote_v2,2,Q1 earliest,0.6462518064715616,0.7894736842105263,19,54494
lightgbm,smote_v2,2,Q2,0.9762165055193537,1.0,53,54493
lightgbm,smote_v2,2,Q3,0.8097387786305686,0.8902439024390244,82,54493
lightgbm,smote_v2,2,Q4 latest,0.9840822283163505,0.9897435897435898,195,54494
lightgbm,smote_v2,3,Q1 earliest,0.6616753303143775,0.8421052631578947,19,54494
lightgbm,smote_v2,3,Q2,0.9795307847616876,1.0,53,54493
lightgbm,smote_v2,3,Q3,0.8167553791401967,0.8902439024390244,82,54493
lightgbm,smote_v2,3,Q4 latest,0.9833322164566269,0.9846153846153847,195,54494
lightgbm,smote_v2,4,Q1 earliest,0.6762152305295593,0.7894736842105263,19,54494
lightgbm,smote_v2,4,Q2,0.9822305171542638,1.0,53,54493
lightgbm,smote_v2,4,Q3,0.8184135583875368,0.8902439024390244,82,54493
lightgbm,smote_v2,4,Q4 latest,0.9840821578947048,0.9897435897435898,195,54494
lightgbm,smote_v2,5,Q1 earliest,0.6547497100776427,0.8421052631578947,19,54494
lightgbm,smote_v2,5,Q2,0.9782059392111782,1.0,53,54493
lightgbm,smote_v2,5,Q3,0.8203289283738671,0.9146341463414634,82,54493
lightgbm,smote_v2,5,Q4 latest,0.983243724531074,0.9846153846153847,195,54494
lightgbm,smote_v2,6,Q1 earliest,0.6390998633998168,0.7894736842105263,19,54494
lightgbm,smote_v2,6,Q2,0.9839318504323821,1.0,53,54493
lightgbm,smote_v2,6,Q3,0.815386473023039,0.8902439024390244,82,54493
lightgbm,smote_v2,6,Q4 latest,0.984181030439182,0.9846153846153847,195,54494
lightgbm,smote_v2,7,Q1 earliest,0.6519980668817872,0.7894736842105263,19,54494
lightgbm,smote_v2,7,Q2,0.9775324171799065,1.0,53,54493
lightgbm,smote_v2,7,Q3,0.8085615762071934,0.8780487804878049,82,54493
lightgbm,smote_v2,7,Q4 latest,0.9834894931081907,0.9897435897435898,195,54494
lightgbm,smote_v2,8,Q1 earliest,0.6581544746707297,0.7894736842105263,19,54494
lightgbm,smote_v2,8,Q2,0.9777322986100694,1.0,53,54493
lightgbm,smote_v2,8,Q3,0.8147101667960461,0.8902439024390244,82,54493
lightgbm,smote_v2,8,Q4 latest,0.9832068402212335,0.9846153846153847,195,54494
lightgbm,smote_v2,9,Q1 earliest,0.6566271953332699,0.7894736842105263,19,54494
lightgbm,smote_v2,9,Q2,0.9795663216197299,1.0,53,54493
lightgbm,smote_v2,9,Q3,0.8093389897155676,0.8780487804878049,82,54493
lightgbm,smote_v2,9,Q4 latest,0.9841091493358305,0.9897435897435898,195,54494
lightgbm,typology_projected_v2,0,Q1 earliest,0.7178878997241369,0.8421052631578947,19,54494
lightgbm,typology_projected_v2,0,Q2,0.9963555289806016,1.0,53,54493
lightgbm,typology_projected_v2,0,Q3,0.8526570963647585,0.8902439024390244,82,54493
lightgbm,typology_projected_v2,0,Q4 latest,0.9848813303813537,0.9846153846153847,195,54494
lightgbm,typology_projected_v2,1,Q1 earliest,0.7359475519293217,0.8421052631578947,19,54494
lightgbm,typology_projected_v2,1,Q2,0.9964261469150972,1.0,53,54493
lightgbm,typology_projected_v2,1,Q3,0.8518935138328589,0.8536585365853658,82,54493
lightgbm,typology_projected_v2,1,Q4 latest,0.9878092320418591,0.9897435897435898,195,54494
lightgbm,typology_projected_v2,2,Q1 earliest,0.751824615751262,0.8947368421052632,19,54494
lightgbm,typology_projected_v2,2,Q2,0.9958468878768163,1.0,53,54493
lightgbm,typology_projected_v2,2,Q3,0.8565406969322995,0.8536585365853658,82,54493
lightgbm,typology_projected_v2,2,Q4 latest,0.9863762043832778,0.9897435897435898,195,54494
lightgbm,typology_projected_v2,3,Q1 earliest,0.7344317678227814,0.8947368421052632,19,54494
lightgbm,typology_projected_v2,3,Q2,0.9941432764337539,1.0,53,54493
lightgbm,typology_projected_v2,3,Q3,0.854143164918247,0.8658536585365854,82,54493
lightgbm,typology_projected_v2,3,Q4 latest,0.9855108553154022,0.9846153846153847,195,54494
lightgbm,typology_projected_v2,4,Q1 earliest,0.7418927714027355,0.9473684210526315,19,54494
lightgbm,typology_projected_v2,4,Q2,0.9973623847355979,1.0,53,54493
lightgbm,typology_projected_v2,4,Q3,0.8536924751058006,0.8536585365853658,82,54493
lightgbm,typology_projected_v2,4,Q4 latest,0.9851430027844946,0.9846153846153847,195,54494
lightgbm,typology_projected_v2,5,Q1 earliest,0.7441958160306943,0.9473684210526315,19,54494
lightgbm,typology_projected_v2,5,Q2,0.9972084498527863,1.0,53,54493
lightgbm,typology_projected_v2,5,Q3,0.8492525344143289,0.9024390243902439,82,54493
lightgbm,typology_projected_v2,5,Q4 latest,0.9848069888711056,0.9846153846153847,195,54494
lightgbm,typology_projected_v2,6,Q1 earliest,0.7334081110538573,0.8947368421052632,19,54494
lightgbm,typology_projected_v2,6,Q2,0.996934778449084,1.0,53,54493
lightgbm,typology_projected_v2,6,Q3,0.8537384519068761,0.8536585365853658,82,54493
lightgbm,typology_projected_v2,6,Q4 latest,0.9848364051879123,0.9846153846153847,195,54494
lightgbm,typology_projected_v2,7,Q1 earliest,0.7652363703208637,0.8421052631578947,19,54494
lightgbm,typology_projected_v2,7,Q2,0.9959155833896544,1.0,53,54493
lightgbm,typology_projected_v2,7,Q3,0.8593054906690978,0.8780487804878049,82,54493
lightgbm,typology_projected_v2,7,Q4 latest,0.9859299872560773,0.9846153846153847,195,54494
lightgbm,typology_projected_v2,8,Q1 earliest,0.7288536585115049,0.8421052631578947,19,54494
lightgbm,typology_projected_v2,8,Q2,0.992898927944681,1.0,53,54493
lightgbm,typology_projected_v2,8,Q3,0.8472995782085232,0.8658536585365854,82,54493
lightgbm,typology_projected_v2,8,Q4 latest,0.9852213796988054,0.9846153846153847,195,54494
lightgbm,typology_projected_v2,9,Q1 earliest,0.723167514020902,0.7894736842105263,19,54494
lightgbm,typology_projected_v2,9,Q2,0.9950474172960345,1.0,53,54493
lightgbm,typology_projected_v2,9,Q3,0.8457308485018386,0.8536585365853658,82,54493
lightgbm,typology_projected_v2,9,Q4 latest,0.9874818758024589,0.9897435897435898,195,54494
xgboost,curriculum_projected_v2,0,Q1 earliest,0.733985953232555,0.9473684210526315,19,54494
xgboost,curriculum_projected_v2,0,Q2,0.9953650712495052,1.0,53,54493
xgboost,curriculum_projected_v2,0,Q3,0.8561059977318943,0.8780487804878049,82,54493
xgboost,curriculum_projected_v2,0,Q4 latest,0.9844507349855082,0.9846153846153847,195,54494
xgboost,curriculum_projected_v2,1,Q1 earliest,0.7066084330211542,0.8421052631578947,19,54494
xgboost,curriculum_projected_v2,1,Q2,0.9923311612545797,1.0,53,54493
xgboost,curriculum_projected_v2,1,Q3,0.8501629081300023,0.8658536585365854,82,54493
xgboost,curriculum_projected_v2,1,Q4 latest,0.9853683476451882,0.9846153846153847,195,54494
xgboost,curriculum_projected_v2,2,Q1 earliest,0.7072341834190886,0.8947368421052632,19,54494
xgboost,curriculum_projected_v2,2,Q2,0.9906435185972018,1.0,53,54493
xgboost,curriculum_projected_v2,2,Q3,0.8440935757908282,0.8536585365853658,82,54493
xgboost,curriculum_projected_v2,2,Q4 latest,0.9840330858210582,0.9846153846153847,195,54494
xgboost,curriculum_projected_v2,3,Q1 earliest,0.7629710464705396,0.8421052631578947,19,54494
xgboost,curriculum_projected_v2,3,Q2,0.9953514052848126,1.0,53,54493
xgboost,curriculum_projected_v2,3,Q3,0.8487006631485776,0.8536585365853658,82,54493
xgboost,curriculum_projected_v2,3,Q4 latest,0.9851828139915482,0.9846153846153847,195,54494
xgboost,curriculum_projected_v2,4,Q1 earliest,0.7175618552672226,0.9473684210526315,19,54494
xgboost,curriculum_projected_v2,4,Q2,0.9885300649783775,1.0,53,54493
xgboost,curriculum_projected_v2,4,Q3,0.8603858796217055,0.9024390243902439,82,54493
xgboost,curriculum_projected_v2,4,Q4 latest,0.9841602089023502,0.9846153846153847,195,54494
xgboost,curriculum_projected_v2,5,Q1 earliest,0.7497183994926279,0.8421052631578947,19,54494
xgboost,curriculum_projected_v2,5,Q2,0.9963004595380163,1.0,53,54493
xgboost,curriculum_projected_v2,5,Q3,0.851977407812607,0.8536585365853658,82,54493
xgboost,curriculum_projected_v2,5,Q4 latest,0.9851640743926813,0.9846153846153847,195,54494
xgboost,curriculum_projected_v2,6,Q1 earliest,0.7308124844146393,0.8421052631578947,19,54494
xgboost,curriculum_projected_v2,6,Q2,0.9911724089292664,1.0,53,54493
xgboost,curriculum_projected_v2,6,Q3,0.8462905708799077,0.8658536585365854,82,54493
xgboost,curriculum_projected_v2,6,Q4 latest,0.9852265447251449,0.9846153846153847,195,54494
xgboost,curriculum_projected_v2,7,Q1 earliest,0.7288084665609129,0.8947368421052632,19,54494
xgboost,curriculum_projected_v2,7,Q2,0.9839758035551416,1.0,53,54493
xgboost,curriculum_projected_v2,7,Q3,0.8400790008685951,0.8536585365853658,82,54493
xgboost,curriculum_projected_v2,7,Q4 latest,0.9853121606393881,0.9897435897435898,195,54494
xgboost,curriculum_projected_v2,8,Q1 earliest,0.769719782889238,0.9473684210526315,19,54494
xgboost,curriculum_projected_v2,8,Q2,0.9914403028325413,1.0,53,54493
xgboost,curriculum_projected_v2,8,Q3,0.8544101672138082,0.8658536585365854,82,54493
xgboost,curriculum_projected_v2,8,Q4 latest,0.9849620145697628,0.9846153846153847,195,54494
xgboost,curriculum_projected_v2,9,Q1 earliest,0.7025898184831,0.8947368421052632,19,54494
xgboost,curriculum_projected_v2,9,Q2,0.9913002441304327,1.0,53,54493
xgboost,curriculum_projected_v2,9,Q3,0.8459746233658,0.8658536585365854,82,54493
xgboost,curriculum_projected_v2,9,Q4 latest,0.9845619025371816,0.9846153846153847,195,54494
xgboost,feature_noise_repaired_v2,0,Q1 earliest,0.6286542579988974,0.7368421052631579,19,54494
xgboost,feature_noise_repaired_v2,0,Q2,0.9588367276912355,0.9622641509433962,53,54493
xgboost,feature_noise_repaired_v2,0,Q3,0.7973959545258513,0.8170731707317073,82,54493
xgboost,feature_noise_repaired_v2,0,Q4 latest,0.9744689664794934,0.9743589743589743,195,54494
xgboost,feature_noise_repaired_v2,1,Q1 earliest,0.6668895864819114,0.7894736842105263,19,54494
xgboost,feature_noise_repaired_v2,1,Q2,0.9839488218359703,1.0,53,54493
xgboost,feature_noise_repaired_v2,1,Q3,0.8098713113464272,0.8658536585365854,82,54493
xgboost,feature_noise_repaired_v2,1,Q4 latest,0.9839998433210875,0.9846153846153847,195,54494
xgboost,feature_noise_repaired_v2,2,Q1 earliest,0.6760226170227545,0.9473684210526315,19,54494
xgboost,feature_noise_repaired_v2,2,Q2,0.9854124263221975,1.0,53,54493
xgboost,feature_noise_repaired_v2,2,Q3,0.8047719205226381,0.8902439024390244,82,54493
xgboost,feature_noise_repaired_v2,2,Q4 latest,0.9823889362029355,0.9846153846153847,195,54494
xgboost,feature_noise_repaired_v2,3,Q1 earliest,0.662777284306113,0.7894736842105263,19,54494
xgboost,feature_noise_repaired_v2,3,Q2,0.9768028380225146,1.0,53,54493
xgboost,feature_noise_repaired_v2,3,Q3,0.8092886228508208,0.8536585365853658,82,54493
xgboost,feature_noise_repaired_v2,3,Q4 latest,0.9803874304312187,0.9846153846153847,195,54494
xgboost,feature_noise_repaired_v2,4,Q1 earliest,0.6282173776647516,0.7894736842105263,19,54494
xgboost,feature_noise_repaired_v2,4,Q2,0.9571165837776772,0.9622641509433962,53,54493
xgboost,feature_noise_repaired_v2,4,Q3,0.7841337707835145,0.8048780487804879,82,54493
xgboost,feature_noise_repaired_v2,4,Q4 latest,0.9745144115597784,0.9743589743589743,195,54494
xgboost,feature_noise_repaired_v2,5,Q1 earliest,0.6535380600643047,0.7368421052631579,19,54494
xgboost,feature_noise_repaired_v2,5,Q2,0.984463088738303,1.0,53,54493
xgboost,feature_noise_repaired_v2,5,Q3,0.8172029671253095,0.8658536585365854,82,54493
xgboost,feature_noise_repaired_v2,5,Q4 latest,0.9837671780895192,0.9846153846153847,195,54494
xgboost,feature_noise_repaired_v2,6,Q1 earliest,0.6469706456466434,0.7894736842105263,19,54494
xgboost,feature_noise_repaired_v2,6,Q2,0.9806754773237839,1.0,53,54493
xgboost,feature_noise_repaired_v2,6,Q3,0.8089173402426227,0.8658536585365854,82,54493
xgboost,feature_noise_repaired_v2,6,Q4 latest,0.982841312319576,0.9846153846153847,195,54494
xgboost,feature_noise_repaired_v2,7,Q1 earliest,0.6680396251594576,0.8421052631578947,19,54494
xgboost,feature_noise_repaired_v2,7,Q2,0.9839780058626199,1.0,53,54493
xgboost,feature_noise_repaired_v2,7,Q3,0.8282619552819162,0.8902439024390244,82,54493
xgboost,feature_noise_repaired_v2,7,Q4 latest,0.9836257005332881,0.9846153846153847,195,54494
xgboost,feature_noise_repaired_v2,8,Q1 earliest,0.6443948346252129,0.7894736842105263,19,54494
xgboost,feature_noise_repaired_v2,8,Q2,0.9720027157885613,0.9811320754716981,53,54493
xgboost,feature_noise_repaired_v2,8,Q3,0.8116952157143219,0.8536585365853658,82,54493
xgboost,feature_noise_repaired_v2,8,Q4 latest,0.9795434330733251,0.9846153846153847,195,54494
xgboost,feature_noise_repaired_v2,9,Q1 earliest,0.6840710564966855,1.0,19,54494
xgboost,feature_noise_repaired_v2,9,Q2,0.9839198873630483,1.0,53,54493
xgboost,feature_noise_repaired_v2,9,Q3,0.8265348846445704,0.926829268292683,82,54493
xgboost,feature_noise_repaired_v2,9,Q4 latest,0.9808696190857349,0.9846153846153847,195,54494
xgboost,feature_noise_v2,0,Q1 earliest,0.6358105079085778,0.7894736842105263,19,54494
xgboost,feature_noise_v2,0,Q2,0.9768592356480288,1.0,53,54493
xgboost,feature_noise_v2,0,Q3,0.8093995044512168,0.8536585365853658,82,54493
xgboost,feature_noise_v2,0,Q4 latest,0.9808973131896855,0.9846153846153847,195,54494
xgboost,feature_noise_v2,1,Q1 earliest,0.6654383776903576,0.7368421052631579,19,54494
xgboost,feature_noise_v2,1,Q2,0.9811958828859844,1.0,53,54493
xgboost,feature_noise_v2,1,Q3,0.8142474901165685,0.8536585365853658,82,54493
xgboost,feature_noise_v2,1,Q4 latest,0.9833907282364498,0.9846153846153847,195,54494
xgboost,feature_noise_v2,2,Q1 earliest,0.6405593700671479,0.7368421052631579,19,54494
xgboost,feature_noise_v2,2,Q2,0.9781777210108349,1.0,53,54493
xgboost,feature_noise_v2,2,Q3,0.8049966440096138,0.8536585365853658,82,54493
xgboost,feature_noise_v2,2,Q4 latest,0.9825229311277537,0.9846153846153847,195,54494
xgboost,feature_noise_v2,3,Q1 earliest,0.6596567652734008,0.7894736842105263,19,54494
xgboost,feature_noise_v2,3,Q2,0.9802056260005476,1.0,53,54493
xgboost,feature_noise_v2,3,Q3,0.8150114645416994,0.8658536585365854,82,54493
xgboost,feature_noise_v2,3,Q4 latest,0.9821783489593972,0.9846153846153847,195,54494
xgboost,feature_noise_v2,4,Q1 earliest,0.6624855428339204,0.7368421052631579,19,54494
xgboost,feature_noise_v2,4,Q2,0.9821208639779857,1.0,53,54493
xgboost,feature_noise_v2,4,Q3,0.8109040342363548,0.8536585365853658,82,54493
xgboost,feature_noise_v2,4,Q4 latest,0.9832020731319814,0.9846153846153847,195,54494
xgboost,feature_noise_v2,5,Q1 earliest,0.6577790547947702,0.7368421052631579,19,54494
xgboost,feature_noise_v2,5,Q2,0.9840461251760415,1.0,53,54493
xgboost,feature_noise_v2,5,Q3,0.8137506450744602,0.8536585365853658,82,54493
xgboost,feature_noise_v2,5,Q4 latest,0.9832893779954446,0.9846153846153847,195,54494
xgboost,feature_noise_v2,6,Q1 earliest,0.657208215771615,0.7368421052631579,19,54494
xgboost,feature_noise_v2,6,Q2,0.979319383717562,1.0,53,54493
xgboost,feature_noise_v2,6,Q3,0.8144373323827112,0.8658536585365854,82,54493
xgboost,feature_noise_v2,6,Q4 latest,0.981886149504543,0.9846153846153847,195,54494
xgboost,feature_noise_v2,7,Q1 earliest,0.6536660391618553,0.7368421052631579,19,54494
xgboost,feature_noise_v2,7,Q2,0.9782681879861657,1.0,53,54493
xgboost,feature_noise_v2,7,Q3,0.8140692881240587,0.8536585365853658,82,54493
xgboost,feature_noise_v2,7,Q4 latest,0.9823329382659146,0.9846153846153847,195,54494
xgboost,feature_noise_v2,8,Q1 earliest,0.6605838751223025,0.7368421052631579,19,54494
xgboost,feature_noise_v2,8,Q2,0.9873767048420997,1.0,53,54493
xgboost,feature_noise_v2,8,Q3,0.8135313512078045,0.8414634146341463,82,54493
xgboost,feature_noise_v2,8,Q4 latest,0.9836919059169128,0.9846153846153847,195,54494
xgboost,feature_noise_v2,9,Q1 earliest,0.6508657199390063,0.7894736842105263,19,54494
xgboost,feature_noise_v2,9,Q2,0.9835170985225891,1.0,53,54493
xgboost,feature_noise_v2,9,Q3,0.8065488461754594,0.8536585365853658,82,54493
xgboost,feature_noise_v2,9,Q4 latest,0.9837195895904614,0.9846153846153847,195,54494
xgboost,hard_projected_v2,0,Q1 earliest,0.7331057177886345,0.8947368421052632,19,54494
xgboost,hard_projected_v2,0,Q2,0.9943611485474694,1.0,53,54493
xgboost,hard_projected_v2,0,Q3,0.8442740566674622,0.8658536585365854,82,54493
xgboost,hard_projected_v2,0,Q4 latest,0.9836391358507728,0.9846153846153847,195,54494
xgboost,hard_projected_v2,1,Q1 earliest,0.7175675997522557,0.7894736842105263,19,54494
xgboost,hard_projected_v2,1,Q2,0.993517704394508,1.0,53,54493
xgboost,hard_projected_v2,1,Q3,0.8541511522337429,0.8780487804878049,82,54493
xgboost,hard_projected_v2,1,Q4 latest,0.98300289823228,0.9846153846153847,195,54494
xgboost,hard_projected_v2,2,Q1 earliest,0.7205768455445797,0.8947368421052632,19,54494
xgboost,hard_projected_v2,2,Q2,0.9934393860559756,1.0,53,54493
xgboost,hard_projected_v2,2,Q3,0.848532380899513,0.8536585365853658,82,54493
xgboost,hard_projected_v2,2,Q4 latest,0.9818165605459359,0.9846153846153847,195,54494
xgboost,hard_projected_v2,3,Q1 earliest,0.7579305683022194,0.8421052631578947,19,54494
xgboost,hard_projected_v2,3,Q2,0.9943801922798007,1.0,53,54493
xgboost,hard_projected_v2,3,Q3,0.8515105286329976,0.8536585365853658,82,54493
xgboost,hard_projected_v2,3,Q4 latest,0.9844834068472498,0.9846153846153847,195,54494
xgboost,hard_projected_v2,4,Q1 earliest,0.7548539101851064,0.9473684210526315,19,54494
xgboost,hard_projected_v2,4,Q2,0.9954278882733639,1.0,53,54493
xgboost,hard_projected_v2,4,Q3,0.8595923289923184,0.8902439024390244,82,54493
xgboost,hard_projected_v2,4,Q4 latest,0.9838563060928922,0.9846153846153847,195,54494
xgboost,hard_projected_v2,5,Q1 earliest,0.7465052713111868,0.8421052631578947,19,54494
xgboost,hard_projected_v2,5,Q2,0.9948891444878872,1.0,53,54493
xgboost,hard_projected_v2,5,Q3,0.8487518630308357,0.8536585365853658,82,54493
xgboost,hard_projected_v2,5,Q4 latest,0.9815146121806031,0.9846153846153847,195,54494
xgboost,hard_projected_v2,6,Q1 earliest,0.7357278661282628,0.8421052631578947,19,54494
xgboost,hard_projected_v2,6,Q2,0.9892271813598976,1.0,53,54493
xgboost,hard_projected_v2,6,Q3,0.844686217289329,0.8536585365853658,82,54493
xgboost,hard_projected_v2,6,Q4 latest,0.9837532404938586,0.9846153846153847,195,54494
xgboost,hard_projected_v2,7,Q1 earliest,0.740795187817805,0.8947368421052632,19,54494
xgboost,hard_projected_v2,7,Q2,0.995128121494179,1.0,53,54493
xgboost,hard_projected_v2,7,Q3,0.8517777365684485,0.8536585365853658,82,54493
xgboost,hard_projected_v2,7,Q4 latest,0.9847412831118487,0.9846153846153847,195,54494
xgboost,hard_projected_v2,8,Q1 earliest,0.7661293867997498,0.9473684210526315,19,54494
xgboost,hard_projected_v2,8,Q2,0.9960382321932251,1.0,53,54493
xgboost,hard_projected_v2,8,Q3,0.8539869376217518,0.8658536585365854,82,54493
xgboost,hard_projected_v2,8,Q4 latest,0.985054189546067,0.9846153846153847,195,54494
xgboost,hard_projected_v2,9,Q1 earliest,0.7473610580214493,0.8421052631578947,19,54494
xgboost,hard_projected_v2,9,Q2,0.9943286159918788,1.0,53,54493
xgboost,hard_projected_v2,9,Q3,0.8505660164895954,0.8536585365853658,82,54493
xgboost,hard_projected_v2,9,Q4 latest,0.9843435314661749,0.9846153846153847,195,54494
xgboost,mixup_repaired_v2,0,Q1 earliest,0.6707058794539987,0.7894736842105263,19,54494
xgboost,mixup_repaired_v2,0,Q2,0.9896674203832916,1.0,53,54493
xgboost,mixup_repaired_v2,0,Q3,0.8236899825833804,0.8658536585365854,82,54493
xgboost,mixup_repaired_v2,0,Q4 latest,0.9833120038325281,0.9846153846153847,195,54494
xgboost,mixup_repaired_v2,1,Q1 earliest,0.6798330499370364,0.8421052631578947,19,54494
xgboost,mixup_repaired_v2,1,Q2,0.9882133811248435,1.0,53,54493
xgboost,mixup_repaired_v2,1,Q3,0.82725240532662,0.8658536585365854,82,54493
xgboost,mixup_repaired_v2,1,Q4 latest,0.9835777359377292,0.9846153846153847,195,54494
xgboost,mixup_repaired_v2,2,Q1 earliest,0.6711859960133901,0.7894736842105263,19,54494
xgboost,mixup_repaired_v2,2,Q2,0.9864664349638684,1.0,53,54493
xgboost,mixup_repaired_v2,2,Q3,0.8226103876757158,0.8536585365853658,82,54493
xgboost,mixup_repaired_v2,2,Q4 latest,0.9827229565297507,0.9846153846153847,195,54494
xgboost,mixup_repaired_v2,3,Q1 earliest,0.6501479855296768,0.8421052631578947,19,54494
xgboost,mixup_repaired_v2,3,Q2,0.978066187224639,1.0,53,54493
xgboost,mixup_repaired_v2,3,Q3,0.8276544913046286,0.8536585365853658,82,54493
xgboost,mixup_repaired_v2,3,Q4 latest,0.9838498321244045,0.9846153846153847,195,54494
xgboost,mixup_repaired_v2,4,Q1 earliest,0.6600880314876527,0.7894736842105263,19,54494
xgboost,mixup_repaired_v2,4,Q2,0.9817598821738276,1.0,53,54493
xgboost,mixup_repaired_v2,4,Q3,0.8068491040691388,0.8536585365853658,82,54493
xgboost,mixup_repaired_v2,4,Q4 latest,0.9832876856267454,0.9846153846153847,195,54494
xgboost,mixup_repaired_v2,5,Q1 earliest,0.6434361411773925,0.8421052631578947,19,54494
xgboost,mixup_repaired_v2,5,Q2,0.9658595723102028,1.0,53,54493
xgboost,mixup_repaired_v2,5,Q3,0.7990201353904375,0.8536585365853658,82,54493
xgboost,mixup_repaired_v2,5,Q4 latest,0.9809528939170312,0.9846153846153847,195,54494
xgboost,mixup_repaired_v2,6,Q1 earliest,0.6615273124194755,0.7894736842105263,19,54494
xgboost,mixup_repaired_v2,6,Q2,0.9808308178521459,1.0,53,54493
xgboost,mixup_repaired_v2,6,Q3,0.811254267584548,0.8536585365853658,82,54493
xgboost,mixup_repaired_v2,6,Q4 latest,0.9828253547484176,0.9846153846153847,195,54494
xgboost,mixup_repaired_v2,7,Q1 earliest,0.6864957177394213,0.7368421052631579,19,54494
xgboost,mixup_repaired_v2,7,Q2,0.9870693021164719,1.0,53,54493
xgboost,mixup_repaired_v2,7,Q3,0.8331970505731937,0.8536585365853658,82,54493
xgboost,mixup_repaired_v2,7,Q4 latest,0.9837532452423947,0.9846153846153847,195,54494
xgboost,mixup_repaired_v2,8,Q1 earliest,0.6937164461200367,0.8947368421052632,19,54494
xgboost,mixup_repaired_v2,8,Q2,0.9923571249320418,1.0,53,54493
xgboost,mixup_repaired_v2,8,Q3,0.8336549830784638,0.8536585365853658,82,54493
xgboost,mixup_repaired_v2,8,Q4 latest,0.9839409413736465,0.9846153846153847,195,54494
xgboost,mixup_repaired_v2,9,Q1 earliest,0.6908311500395883,0.8421052631578947,19,54494
xgboost,mixup_repaired_v2,9,Q2,0.9835944464400301,1.0,53,54493
xgboost,mixup_repaired_v2,9,Q3,0.8315552093957819,0.8536585365853658,82,54493
xgboost,mixup_repaired_v2,9,Q4 latest,0.9838171046946234,0.9846153846153847,195,54494
xgboost,mixup_v2,0,Q1 earliest,0.7032812865072979,0.9473684210526315,19,54494
xgboost,mixup_v2,0,Q2,0.9935474515458108,1.0,53,54493
xgboost,mixup_v2,0,Q3,0.8297718854719692,0.8658536585365854,82,54493
xgboost,mixup_v2,0,Q4 latest,0.9845047852950538,0.9846153846153847,195,54494
xgboost,mixup_v2,1,Q1 earliest,0.6756475280575581,0.8947368421052632,19,54494
xgboost,mixup_v2,1,Q2,0.9865441297083735,1.0,53,54493
xgboost,mixup_v2,1,Q3,0.8339468655645622,0.8902439024390244,82,54493
xgboost,mixup_v2,1,Q4 latest,0.9843610031358794,0.9846153846153847,195,54494
xgboost,mixup_v2,2,Q1 earliest,0.6842638854496609,0.7894736842105263,19,54494
xgboost,mixup_v2,2,Q2,0.9890275430143891,1.0,53,54493
xgboost,mixup_v2,2,Q3,0.8267302831790521,0.8536585365853658,82,54493
xgboost,mixup_v2,2,Q4 latest,0.9835671341563313,0.9846153846153847,195,54494
xgboost,mixup_v2,3,Q1 earliest,0.7076201636239347,0.9473684210526315,19,54494
xgboost,mixup_v2,3,Q2,0.986249405041099,1.0,53,54493
xgboost,mixup_v2,3,Q3,0.8311034727314996,0.8536585365853658,82,54493
xgboost,mixup_v2,3,Q4 latest,0.9847723465952518,0.9846153846153847,195,54494
xgboost,mixup_v2,4,Q1 earliest,0.6630648947351014,0.8421052631578947,19,54494
xgboost,mixup_v2,4,Q2,0.9835392066947097,1.0,53,54493
xgboost,mixup_v2,4,Q3,0.8378348407499564,0.8536585365853658,82,54493
xgboost,mixup_v2,4,Q4 latest,0.9840855173137266,0.9846153846153847,195,54494
xgboost,mixup_v2,5,Q1 earliest,0.6889915197021742,0.8947368421052632,19,54494
xgboost,mixup_v2,5,Q2,0.9831621783396105,1.0,53,54493
xgboost,mixup_v2,5,Q3,0.8201327123559552,0.8658536585365854,82,54493
xgboost,mixup_v2,5,Q4 latest,0.985115543277813,0.9846153846153847,195,54494
xgboost,mixup_v2,6,Q1 earliest,0.7270652042768329,0.8947368421052632,19,54494
xgboost,mixup_v2,6,Q2,0.9940759942979699,1.0,53,54493
xgboost,mixup_v2,6,Q3,0.8474080175218199,0.8658536585365854,82,54493
xgboost,mixup_v2,6,Q4 latest,0.9845975055641446,0.9846153846153847,195,54494
xgboost,mixup_v2,7,Q1 earliest,0.7004679778859694,0.7894736842105263,19,54494
xgboost,mixup_v2,7,Q2,0.9918465509185765,1.0,53,54493
xgboost,mixup_v2,7,Q3,0.8463522743759693,0.8780487804878049,82,54493
xgboost,mixup_v2,7,Q4 latest,0.984615342926326,0.9846153846153847,195,54494
xgboost,mixup_v2,8,Q1 earliest,0.7589668640982746,0.9473684210526315,19,54494
xgboost,mixup_v2,8,Q2,0.993918126588791,1.0,53,54493
xgboost,mixup_v2,8,Q3,0.8508250155411524,0.8902439024390244,82,54493
xgboost,mixup_v2,8,Q4 latest,0.9846805819698934,0.9846153846153847,195,54494
xgboost,mixup_v2,9,Q1 earliest,0.7066766253084631,0.8947368421052632,19,54494
xgboost,mixup_v2,9,Q2,0.9859231808465236,1.0,53,54493
xgboost,mixup_v2,9,Q3,0.8363104659987932,0.8658536585365854,82,54493
xgboost,mixup_v2,9,Q4 latest,0.985148743983505,0.9846153846153847,195,54494
xgboost,none,0,Q1 earliest,0.6509934407724681,0.7368421052631579,19,54494
xgboost,none,0,Q2,0.982386476183323,1.0,53,54493
xgboost,none,0,Q3,0.8084783186398036,0.8414634146341463,82,54493
xgboost,none,0,Q4 latest,0.9822538244564047,0.9846153846153847,195,54494
xgboost,none,1,Q1 earliest,0.6478701521003739,0.7894736842105263,19,54494
xgboost,none,1,Q2,0.9783569149583002,1.0,53,54493
xgboost,none,1,Q3,0.8088130876997777,0.8536585365853658,82,54493
xgboost,none,1,Q4 latest,0.9814682182664477,0.9846153846153847,195,54494
xgboost,none,2,Q1 earliest,0.650048185434589,0.7894736842105263,19,54494
xgboost,none,2,Q2,0.9766329792220565,1.0,53,54493
xgboost,none,2,Q3,0.811030764556315,0.8658536585365854,82,54493
xgboost,none,2,Q4 latest,0.9815769157863536,0.9846153846153847,195,54494
xgboost,none,3,Q1 earliest,0.6513940915781894,0.7894736842105263,19,54494
xgboost,none,3,Q2,0.9784690001216484,1.0,53,54493
xgboost,none,3,Q3,0.8103679449794937,0.8536585365853658,82,54493
xgboost,none,3,Q4 latest,0.9813710919154468,0.9846153846153847,195,54494
xgboost,none,4,Q1 earliest,0.6513184419780842,0.7368421052631579,19,54494
xgboost,none,4,Q2,0.9807592900205178,1.0,53,54493
xgboost,none,4,Q3,0.8109325153709098,0.8536585365853658,82,54493
xgboost,none,4,Q4 latest,0.9827271701522236,0.9846153846153847,195,54494
xgboost,none,5,Q1 earliest,0.645720193000424,0.7368421052631579,19,54494
xgboost,none,5,Q2,0.9789598371287113,1.0,53,54493
xgboost,none,5,Q3,0.8079891785689954,0.8536585365853658,82,54493
xgboost,none,5,Q4 latest,0.9816211250681806,0.9846153846153847,195,54494
xgboost,none,6,Q1 earliest,0.6524849282369216,0.7368421052631579,19,54494
xgboost,none,6,Q2,0.979387379843576,1.0,53,54493
xgboost,none,6,Q3,0.8054042956590317,0.8536585365853658,82,54493
xgboost,none,6,Q4 latest,0.9820790807543506,0.9846153846153847,195,54494
xgboost,none,7,Q1 earliest,0.652891527459104,0.7368421052631579,19,54494
xgboost,none,7,Q2,0.9793874176580792,1.0,53,54493
xgboost,none,7,Q3,0.8141599014562507,0.8658536585365854,82,54493
xgboost,none,7,Q4 latest,0.9818599425199586,0.9846153846153847,195,54494
xgboost,none,8,Q1 earliest,0.6539627715916734,0.7368421052631579,19,54494
xgboost,none,8,Q2,0.978683871329708,1.0,53,54493
xgboost,none,8,Q3,0.8124817705629808,0.8658536585365854,82,54493
xgboost,none,8,Q4 latest,0.982199519360653,0.9846153846153847,195,54494
xgboost,none,9,Q1 earliest,0.6498730518246085,0.7368421052631579,19,54494
xgboost,none,9,Q2,0.9773824927183192,1.0,53,54493
xgboost,none,9,Q3,0.8081524695758139,0.8414634146341463,82,54493
xgboost,none,9,Q4 latest,0.9810948757692033,0.9846153846153847,195,54494
xgboost,plausible_hard_projected_v2,0,Q1 earliest,0.730860651169695,0.9473684210526315,19,54494
xgboost,plausible_hard_projected_v2,0,Q2,0.9937328033262403,1.0,53,54493
xgboost,plausible_hard_projected_v2,0,Q3,0.8398977168365414,0.8536585365853658,82,54493
xgboost,plausible_hard_projected_v2,0,Q4 latest,0.9828526010951031,0.9846153846153847,195,54494
xgboost,plausible_hard_projected_v2,1,Q1 earliest,0.7278001519002852,0.8421052631578947,19,54494
xgboost,plausible_hard_projected_v2,1,Q2,0.9932343437040394,1.0,53,54493
xgboost,plausible_hard_projected_v2,1,Q3,0.8568382147264302,0.8902439024390244,82,54493
xgboost,plausible_hard_projected_v2,1,Q4 latest,0.9828848260186442,0.9846153846153847,195,54494
xgboost,plausible_hard_projected_v2,2,Q1 earliest,0.7435262640319692,0.9473684210526315,19,54494
xgboost,plausible_hard_projected_v2,2,Q2,0.9956130871225211,1.0,53,54493
xgboost,plausible_hard_projected_v2,2,Q3,0.8524901019852237,0.8536585365853658,82,54493
xgboost,plausible_hard_projected_v2,2,Q4 latest,0.9833760117127108,0.9846153846153847,195,54494
xgboost,plausible_hard_projected_v2,3,Q1 earliest,0.7449136626790013,0.8421052631578947,19,54494
xgboost,plausible_hard_projected_v2,3,Q2,0.9949956751843544,1.0,53,54493
xgboost,plausible_hard_projected_v2,3,Q3,0.8509407897446422,0.8536585365853658,82,54493
xgboost,plausible_hard_projected_v2,3,Q4 latest,0.9837013119729097,0.9846153846153847,195,54494
xgboost,plausible_hard_projected_v2,4,Q1 earliest,0.7672822938461942,0.9473684210526315,19,54494
xgboost,plausible_hard_projected_v2,4,Q2,0.9936117021946054,1.0,53,54493
xgboost,plausible_hard_projected_v2,4,Q3,0.8559439665753011,0.9024390243902439,82,54493
xgboost,plausible_hard_projected_v2,4,Q4 latest,0.9835673869726074,0.9846153846153847,195,54494
xgboost,plausible_hard_projected_v2,5,Q1 earliest,0.7440897106252548,0.8947368421052632,19,54494
xgboost,plausible_hard_projected_v2,5,Q2,0.99551318117843,1.0,53,54493
xgboost,plausible_hard_projected_v2,5,Q3,0.8517159250783429,0.8658536585365854,82,54493
xgboost,plausible_hard_projected_v2,5,Q4 latest,0.9834541084662675,0.9846153846153847,195,54494
xgboost,plausible_hard_projected_v2,6,Q1 earliest,0.7224997391150595,0.8421052631578947,19,54494
xgboost,plausible_hard_projected_v2,6,Q2,0.9926575323800628,1.0,53,54493
xgboost,plausible_hard_projected_v2,6,Q3,0.8444260481024881,0.8536585365853658,82,54493
xgboost,plausible_hard_projected_v2,6,Q4 latest,0.9847550696138374,0.9846153846153847,195,54494
xgboost,plausible_hard_projected_v2,7,Q1 earliest,0.7322401683412966,0.8947368421052632,19,54494
xgboost,plausible_hard_projected_v2,7,Q2,0.9952743604368782,1.0,53,54493
xgboost,plausible_hard_projected_v2,7,Q3,0.8516075583862944,0.8658536585365854,82,54493
xgboost,plausible_hard_projected_v2,7,Q4 latest,0.985210295123025,0.9846153846153847,195,54494
xgboost,plausible_hard_projected_v2,8,Q1 earliest,0.7705929119040315,0.9473684210526315,19,54494
xgboost,plausible_hard_projected_v2,8,Q2,0.9942020243907036,1.0,53,54493
xgboost,plausible_hard_projected_v2,8,Q3,0.8514892758157299,0.8658536585365854,82,54493
xgboost,plausible_hard_projected_v2,8,Q4 latest,0.9852031295847463,0.9846153846153847,195,54494
xgboost,plausible_hard_projected_v2,9,Q1 earliest,0.7510736710299801,0.9473684210526315,19,54494
xgboost,plausible_hard_projected_v2,9,Q2,0.9956594201211293,1.0,53,54493
xgboost,plausible_hard_projected_v2,9,Q3,0.8490233192807793,0.8658536585365854,82,54493
xgboost,plausible_hard_projected_v2,9,Q4 latest,0.9840895160826415,0.9846153846153847,195,54494
xgboost,plausible_typology_projected_v2,0,Q1 earliest,0.7193566129794111,0.8421052631578947,19,54494
xgboost,plausible_typology_projected_v2,0,Q2,0.9927635871309015,1.0,53,54493
xgboost,plausible_typology_projected_v2,0,Q3,0.847046761261554,0.8658536585365854,82,54493
xgboost,plausible_typology_projected_v2,0,Q4 latest,0.9840806898143557,0.9846153846153847,195,54494
xgboost,plausible_typology_projected_v2,1,Q1 earliest,0.6905293957349911,0.9473684210526315,19,54494
xgboost,plausible_typology_projected_v2,1,Q2,0.9942849991212175,1.0,53,54493
xgboost,plausible_typology_projected_v2,1,Q3,0.8495944815321445,0.926829268292683,82,54493
xgboost,plausible_typology_projected_v2,1,Q4 latest,0.9836362172667973,0.9846153846153847,195,54494
xgboost,plausible_typology_projected_v2,2,Q1 earliest,0.7039271519859265,0.8947368421052632,19,54494
xgboost,plausible_typology_projected_v2,2,Q2,0.9877532802953892,1.0,53,54493
xgboost,plausible_typology_projected_v2,2,Q3,0.8460412474022245,0.8658536585365854,82,54493
xgboost,plausible_typology_projected_v2,2,Q4 latest,0.9827693745387996,0.9846153846153847,195,54494
xgboost,plausible_typology_projected_v2,3,Q1 earliest,0.6934817593017416,0.8421052631578947,19,54494
xgboost,plausible_typology_projected_v2,3,Q2,0.9908058963321166,1.0,53,54493
xgboost,plausible_typology_projected_v2,3,Q3,0.8409088241656181,0.8536585365853658,82,54493
xgboost,plausible_typology_projected_v2,3,Q4 latest,0.9842745819136971,0.9846153846153847,195,54494
xgboost,plausible_typology_projected_v2,4,Q1 earliest,0.731232482059119,0.9473684210526315,19,54494
xgboost,plausible_typology_projected_v2,4,Q2,0.9942138888208263,1.0,53,54493
xgboost,plausible_typology_projected_v2,4,Q3,0.8626718073209433,0.926829268292683,82,54493
xgboost,plausible_typology_projected_v2,4,Q4 latest,0.9840983371343854,0.9846153846153847,195,54494
xgboost,plausible_typology_projected_v2,5,Q1 earliest,0.705353210195651,0.8421052631578947,19,54494
xgboost,plausible_typology_projected_v2,5,Q2,0.9956047079370371,1.0,53,54493
xgboost,plausible_typology_projected_v2,5,Q3,0.837199802729345,0.8536585365853658,82,54493
xgboost,plausible_typology_projected_v2,5,Q4 latest,0.9843928057696636,0.9846153846153847,195,54494
xgboost,plausible_typology_projected_v2,6,Q1 earliest,0.6973727364862203,0.8421052631578947,19,54494
xgboost,plausible_typology_projected_v2,6,Q2,0.9896415424055747,1.0,53,54493
xgboost,plausible_typology_projected_v2,6,Q3,0.8402932906189299,0.8536585365853658,82,54493
xgboost,plausible_typology_projected_v2,6,Q4 latest,0.9839853418224127,0.9846153846153847,195,54494
xgboost,plausible_typology_projected_v2,7,Q1 earliest,0.6912997063776656,0.8947368421052632,19,54494
xgboost,plausible_typology_projected_v2,7,Q2,0.9919558433046307,1.0,53,54493
xgboost,plausible_typology_projected_v2,7,Q3,0.8440164040108796,0.8536585365853658,82,54493
xgboost,plausible_typology_projected_v2,7,Q4 latest,0.9848986320541834,0.9846153846153847,195,54494
xgboost,plausible_typology_projected_v2,8,Q1 earliest,0.7055024933063322,0.9473684210526315,19,54494
xgboost,plausible_typology_projected_v2,8,Q2,0.9956047079370371,1.0,53,54493
xgboost,plausible_typology_projected_v2,8,Q3,0.8616664257613901,0.8658536585365854,82,54493
xgboost,plausible_typology_projected_v2,8,Q4 latest,0.9862357037621535,0.9897435897435898,195,54494
xgboost,plausible_typology_projected_v2,9,Q1 earliest,0.7393584966055042,0.8421052631578947,19,54494
xgboost,plausible_typology_projected_v2,9,Q2,0.9923942636345837,1.0,53,54493
xgboost,plausible_typology_projected_v2,9,Q3,0.8406285637633,0.8658536585365854,82,54493
xgboost,plausible_typology_projected_v2,9,Q4 latest,0.9839736582904772,0.9846153846153847,195,54494
xgboost,random_feasible_v2,0,Q1 earliest,0.6592560978969711,0.7894736842105263,19,54494
xgboost,random_feasible_v2,0,Q2,0.9825705575457313,1.0,53,54493
xgboost,random_feasible_v2,0,Q3,0.8166979447605262,0.8780487804878049,82,54493
xgboost,random_feasible_v2,0,Q4 latest,0.982959394753663,0.9846153846153847,195,54494
xgboost,random_feasible_v2,1,Q1 earliest,0.6764544315220125,0.7368421052631579,19,54494
xgboost,random_feasible_v2,1,Q2,0.9868497931519351,1.0,53,54493
xgboost,random_feasible_v2,1,Q3,0.8122480348964848,0.8658536585365854,82,54493
xgboost,random_feasible_v2,1,Q4 latest,0.9838376933855757,0.9846153846153847,195,54494
xgboost,random_feasible_v2,2,Q1 earliest,0.6678385896952397,0.7368421052631579,19,54494
xgboost,random_feasible_v2,2,Q2,0.9871597882422112,1.0,53,54493
xgboost,random_feasible_v2,2,Q3,0.8087398671452299,0.8658536585365854,82,54493
xgboost,random_feasible_v2,2,Q4 latest,0.9839973497597031,0.9846153846153847,195,54494
xgboost,random_feasible_v2,3,Q1 earliest,0.6744047446967104,0.7894736842105263,19,54494
xgboost,random_feasible_v2,3,Q2,0.9832668211632658,1.0,53,54493
xgboost,random_feasible_v2,3,Q3,0.8240689590102199,0.8536585365853658,82,54493
xgboost,random_feasible_v2,3,Q4 latest,0.9838440700788995,0.9846153846153847,195,54494
xgboost,random_feasible_v2,4,Q1 earliest,0.6629629840764966,0.7894736842105263,19,54494
xgboost,random_feasible_v2,4,Q2,0.9821981639680285,1.0,53,54493
xgboost,random_feasible_v2,4,Q3,0.8158196198651627,0.8658536585365854,82,54493
xgboost,random_feasible_v2,4,Q4 latest,0.9829788729139368,0.9846153846153847,195,54494
xgboost,random_feasible_v2,5,Q1 earliest,0.6698055647653601,0.7368421052631579,19,54494
xgboost,random_feasible_v2,5,Q2,0.9846619860689783,1.0,53,54493
xgboost,random_feasible_v2,5,Q3,0.8142914322798025,0.8658536585365854,82,54493
xgboost,random_feasible_v2,5,Q4 latest,0.9827613523834668,0.9846153846153847,195,54494
xgboost,random_feasible_v2,6,Q1 earliest,0.6626987954446126,0.7368421052631579,19,54494
xgboost,random_feasible_v2,6,Q2,0.9825922846655778,1.0,53,54493
xgboost,random_feasible_v2,6,Q3,0.8175922172627609,0.8780487804878049,82,54493
xgboost,random_feasible_v2,6,Q4 latest,0.9829266999622376,0.9846153846153847,195,54494
xgboost,random_feasible_v2,7,Q1 earliest,0.6587577244966034,0.8421052631578947,19,54494
xgboost,random_feasible_v2,7,Q2,0.979138677190855,1.0,53,54493
xgboost,random_feasible_v2,7,Q3,0.8163786406072446,0.8780487804878049,82,54493
xgboost,random_feasible_v2,7,Q4 latest,0.9823250493355917,0.9846153846153847,195,54494
xgboost,random_feasible_v2,8,Q1 earliest,0.6706327716329347,0.8947368421052632,19,54494
xgboost,random_feasible_v2,8,Q2,0.9837025276352851,1.0,53,54493
xgboost,random_feasible_v2,8,Q3,0.8164536149087044,0.8780487804878049,82,54493
xgboost,random_feasible_v2,8,Q4 latest,0.9828934670903974,0.9846153846153847,195,54494
xgboost,random_feasible_v2,9,Q1 earliest,0.68366243763962,0.7894736842105263,19,54494
xgboost,random_feasible_v2,9,Q2,0.9890633957633806,1.0,53,54493
xgboost,random_feasible_v2,9,Q3,0.8189609562722937,0.8414634146341463,82,54493
xgboost,random_feasible_v2,9,Q4 latest,0.9840436161038651,0.9846153846153847,195,54494
xgboost,smote_repaired_v2,0,Q1 earliest,0.6548198337073632,0.7368421052631579,19,54494
xgboost,smote_repaired_v2,0,Q2,0.9829889901089616,1.0,53,54493
xgboost,smote_repaired_v2,0,Q3,0.8120430133639217,0.8658536585365854,82,54493
xgboost,smote_repaired_v2,0,Q4 latest,0.98295055912555,0.9846153846153847,195,54494
xgboost,smote_repaired_v2,1,Q1 earliest,0.6524975754239902,0.7894736842105263,19,54494
xgboost,smote_repaired_v2,1,Q2,0.9820708906569904,1.0,53,54493
xgboost,smote_repaired_v2,1,Q3,0.8148167907822166,0.8658536585365854,82,54493
xgboost,smote_repaired_v2,1,Q4 latest,0.9829896574334434,0.9846153846153847,195,54494
xgboost,smote_repaired_v2,2,Q1 earliest,0.6446686106082227,0.7894736842105263,19,54494
xgboost,smote_repaired_v2,2,Q2,0.9780602646271866,1.0,53,54493
xgboost,smote_repaired_v2,2,Q3,0.8050405824395614,0.8658536585365854,82,54493
xgboost,smote_repaired_v2,2,Q4 latest,0.9821550728144444,0.9846153846153847,195,54494
xgboost,smote_repaired_v2,3,Q1 earliest,0.6622853957848268,0.7368421052631579,19,54494
xgboost,smote_repaired_v2,3,Q2,0.984275476929551,1.0,53,54493
xgboost,smote_repaired_v2,3,Q3,0.8210261651198428,0.8536585365853658,82,54493
xgboost,smote_repaired_v2,3,Q4 latest,0.9831067632465942,0.9846153846153847,195,54494
xgboost,smote_repaired_v2,4,Q1 earliest,0.6566660019729076,0.7894736842105263,19,54494
xgboost,smote_repaired_v2,4,Q2,0.9811415721478614,1.0,53,54493
xgboost,smote_repaired_v2,4,Q3,0.809209905869788,0.8658536585365854,82,54493
xgboost,smote_repaired_v2,4,Q4 latest,0.9825175105232732,0.9846153846153847,195,54494
xgboost,smote_repaired_v2,5,Q1 earliest,0.6561107963068681,0.7368421052631579,19,54494
xgboost,smote_repaired_v2,5,Q2,0.9788338555909137,1.0,53,54493
xgboost,smote_repaired_v2,5,Q3,0.8064339554188266,0.8536585365853658,82,54493
xgboost,smote_repaired_v2,5,Q4 latest,0.9821365312962708,0.9846153846153847,195,54494
xgboost,smote_repaired_v2,6,Q1 earliest,0.663429340717628,0.7368421052631579,19,54494
xgboost,smote_repaired_v2,6,Q2,0.9853821585051252,1.0,53,54493
xgboost,smote_repaired_v2,6,Q3,0.8178267840805719,0.8780487804878049,82,54493
xgboost,smote_repaired_v2,6,Q4 latest,0.9836760310694693,0.9846153846153847,195,54494
xgboost,smote_repaired_v2,7,Q1 earliest,0.6552787731736318,0.7894736842105263,19,54494
xgboost,smote_repaired_v2,7,Q2,0.9803163416898716,1.0,53,54493
xgboost,smote_repaired_v2,7,Q3,0.8080979132076431,0.8658536585365854,82,54493
xgboost,smote_repaired_v2,7,Q4 latest,0.9825415756029745,0.9846153846153847,195,54494
xgboost,smote_repaired_v2,8,Q1 earliest,0.6515134127844825,0.8421052631578947,19,54494
xgboost,smote_repaired_v2,8,Q2,0.9788275347208428,1.0,53,54493
xgboost,smote_repaired_v2,8,Q3,0.8171192002483054,0.8658536585365854,82,54493
xgboost,smote_repaired_v2,8,Q4 latest,0.9823918278672988,0.9846153846153847,195,54494
xgboost,smote_repaired_v2,9,Q1 earliest,0.6517610123136974,0.9473684210526315,19,54494
xgboost,smote_repaired_v2,9,Q2,0.9827512202404243,1.0,53,54493
xgboost,smote_repaired_v2,9,Q3,0.8175659864450042,0.9146341463414634,82,54493
xgboost,smote_repaired_v2,9,Q4 latest,0.9829277013213524,0.9846153846153847,195,54494
xgboost,smote_v2,0,Q1 earliest,0.6635657671215738,0.7368421052631579,19,54494
xgboost,smote_v2,0,Q2,0.9828662270889217,1.0,53,54493
xgboost,smote_v2,0,Q3,0.815658061205657,0.8536585365853658,82,54493
xgboost,smote_v2,0,Q4 latest,0.982948490541108,0.9846153846153847,195,54494
xgboost,smote_v2,1,Q1 earliest,0.6608288566236118,0.7894736842105263,19,54494
xgboost,smote_v2,1,Q2,0.9812962536506424,1.0,53,54493
xgboost,smote_v2,1,Q3,0.811117928320668,0.8780487804878049,82,54493
xgboost,smote_v2,1,Q4 latest,0.983118384428838,0.9846153846153847,195,54494
xgboost,smote_v2,2,Q1 earliest,0.6536312017989222,0.8421052631578947,19,54494
xgboost,smote_v2,2,Q2,0.9795839193446187,1.0,53,54493
xgboost,smote_v2,2,Q3,0.809247903788712,0.8902439024390244,82,54493
xgboost,smote_v2,2,Q4 latest,0.981721707588466,0.9846153846153847,195,54494
xgboost,smote_v2,3,Q1 earliest,0.6595416279260989,0.7894736842105263,19,54494
xgboost,smote_v2,3,Q2,0.9817688535259289,1.0,53,54493
xgboost,smote_v2,3,Q3,0.8142525346376172,0.8658536585365854,82,54493
xgboost,smote_v2,3,Q4 latest,0.9826180395875092,0.9846153846153847,195,54494
xgboost,smote_v2,4,Q1 earliest,0.6580737046320191,0.8421052631578947,19,54494
xgboost,smote_v2,4,Q2,0.9806996597938117,1.0,53,54493
xgboost,smote_v2,4,Q3,0.8099236493323554,0.8658536585365854,82,54493
xgboost,smote_v2,4,Q4 latest,0.9825660606351531,0.9846153846153847,195,54494
xgboost,smote_v2,5,Q1 earliest,0.6496191087164741,0.7368421052631579,19,54494
xgboost,smote_v2,5,Q2,0.9789785414495131,1.0,53,54493
xgboost,smote_v2,5,Q3,0.8097713557301239,0.8658536585365854,82,54493
xgboost,smote_v2,5,Q4 latest,0.9818510172788867,0.9846153846153847,195,54494
xgboost,smote_v2,6,Q1 earliest,0.6601905125556173,0.7894736842105263,19,54494
xgboost,smote_v2,6,Q2,0.9845900603692479,1.0,53,54493
xgboost,smote_v2,6,Q3,0.8164918461192298,0.8780487804878049,82,54493
xgboost,smote_v2,6,Q4 latest,0.9837094050199547,0.9846153846153847,195,54494
xgboost,smote_v2,7,Q1 earliest,0.6601318690955882,0.7894736842105263,19,54494
xgboost,smote_v2,7,Q2,0.9819537878723579,1.0,53,54493
xgboost,smote_v2,7,Q3,0.8120230507843467,0.8658536585365854,82,54493
xgboost,smote_v2,7,Q4 latest,0.9826414944343689,0.9846153846153847,195,54494
xgboost,smote_v2,8,Q1 earliest,0.6459327050227692,0.7894736842105263,19,54494
xgboost,smote_v2,8,Q2,0.9793584633936602,1.0,53,54493
xgboost,smote_v2,8,Q3,0.8092606969164109,0.8780487804878049,82,54493
xgboost,smote_v2,8,Q4 latest,0.9821348760237776,0.9846153846153847,195,54494
xgboost,smote_v2,9,Q1 earliest,0.6536037303646413,0.7368421052631579,19,54494
xgboost,smote_v2,9,Q2,0.9814089544524037,1.0,53,54493
xgboost,smote_v2,9,Q3,0.816165934581486,0.8658536585365854,82,54493
xgboost,smote_v2,9,Q4 latest,0.9827718943620339,0.9846153846153847,195,54494
xgboost,typology_projected_v2,0,Q1 earliest,0.6812427870477722,0.8947368421052632,19,54494
xgboost,typology_projected_v2,0,Q2,0.9877322346958877,1.0,53,54493
xgboost,typology_projected_v2,0,Q3,0.8388323419108438,0.8658536585365854,82,54493
xgboost,typology_projected_v2,0,Q4 latest,0.9834237162377676,0.9846153846153847,195,54494
xgboost,typology_projected_v2,1,Q1 earliest,0.6995989484937363,0.8421052631578947,19,54494
xgboost,typology_projected_v2,1,Q2,0.9922713100281675,1.0,53,54493
xgboost,typology_projected_v2,1,Q3,0.8540855818708555,0.8780487804878049,82,54493
xgboost,typology_projected_v2,1,Q4 latest,0.9828581651349522,0.9846153846153847,195,54494
xgboost,typology_projected_v2,2,Q1 earliest,0.7009863268761622,0.8947368421052632,19,54494
xgboost,typology_projected_v2,2,Q2,0.9929733058145724,1.0,53,54493
xgboost,typology_projected_v2,2,Q3,0.8561202521118758,0.8780487804878049,82,54493
xgboost,typology_projected_v2,2,Q4 latest,0.9845803235049866,0.9846153846153847,195,54494
xgboost,typology_projected_v2,3,Q1 earliest,0.6910357248263215,0.8421052631578947,19,54494
xgboost,typology_projected_v2,3,Q2,0.9908490547922992,1.0,53,54493
xgboost,typology_projected_v2,3,Q3,0.8481386490053832,0.8536585365853658,82,54493
xgboost,typology_projected_v2,3,Q4 latest,0.9847853147356748,0.9846153846153847,195,54494
xgboost,typology_projected_v2,4,Q1 earliest,0.7175688507015316,0.9473684210526315,19,54494
xgboost,typology_projected_v2,4,Q2,0.9948732226238449,1.0,53,54493
xgboost,typology_projected_v2,4,Q3,0.8621205985231546,0.9146341463414634,82,54493
xgboost,typology_projected_v2,4,Q4 latest,0.9844899035307175,0.9846153846153847,195,54494
xgboost,typology_projected_v2,5,Q1 earliest,0.6913439887504444,0.8421052631578947,19,54494
xgboost,typology_projected_v2,5,Q2,0.9942962538431601,1.0,53,54493
xgboost,typology_projected_v2,5,Q3,0.8362040376656038,0.8536585365853658,82,54493
xgboost,typology_projected_v2,5,Q4 latest,0.9831774817459082,0.9846153846153847,195,54494
xgboost,typology_projected_v2,6,Q1 earliest,0.6800335455123001,0.7894736842105263,19,54494
xgboost,typology_projected_v2,6,Q2,0.9895373369226026,1.0,53,54493
xgboost,typology_projected_v2,6,Q3,0.8466444890933073,0.8536585365853658,82,54493
xgboost,typology_projected_v2,6,Q4 latest,0.9840847812471999,0.9846153846153847,195,54494
xgboost,typology_projected_v2,7,Q1 earliest,0.7277007300182715,0.9473684210526315,19,54494
xgboost,typology_projected_v2,7,Q2,0.9944894036441952,1.0,53,54493
xgboost,typology_projected_v2,7,Q3,0.8448119085538355,0.8536585365853658,82,54493
xgboost,typology_projected_v2,7,Q4 latest,0.9863183190112002,0.9897435897435898,195,54494
xgboost,typology_projected_v2,8,Q1 earliest,0.7507941986231226,0.9473684210526315,19,54494
xgboost,typology_projected_v2,8,Q2,0.994265664821772,1.0,53,54493
xgboost,typology_projected_v2,8,Q3,0.863380782894574,0.8902439024390244,82,54493
xgboost,typology_projected_v2,8,Q4 latest,0.9850838295540341,0.9846153846153847,195,54494
xgboost,typology_projected_v2,9,Q1 earliest,0.7272654788059086,0.8421052631578947,19,54494
xgboost,typology_projected_v2,9,Q2,0.9934059218990255,1.0,53,54493
xgboost,typology_projected_v2,9,Q3,0.8506604861457747,0.8536585365853658,82,54493
xgboost,typology_projected_v2,9,Q4 latest,0.9852710332131553,0.9846153846153847,195,54494
