dataset,heldout_typology,seed,augmentation,generated,nn_distance_to_heldout_positive,nn_distance_to_train_positive,heldout_positive_count,train_positive_count,synthetic_log_amount_mean,synthetic_log_amount_std,synthetic_sender_tx_count_mean,synthetic_receiver_tx_count_mean,synthetic_pair_tx_count_mean,synthetic_sender_total_out_mean,synthetic_receiver_total_in_mean,synthetic_pair_total_amount_mean,heldout_positive_log_amount_mean,heldout_positive_log_amount_std,heldout_positive_sender_tx_count_mean,heldout_positive_receiver_tx_count_mean,heldout_positive_pair_tx_count_mean,heldout_positive_sender_total_out_mean,heldout_positive_receiver_total_in_mean,heldout_positive_pair_total_amount_mean,train_positive_log_amount_mean,train_positive_log_amount_std,train_positive_sender_tx_count_mean,train_positive_receiver_tx_count_mean,train_positive_pair_tx_count_mean,train_positive_sender_total_out_mean,train_positive_receiver_total_in_mean,train_positive_pair_total_amount_mean,detector_hardness,ledger_violation_rate,mean_flow_residual,median_flow_residual,profile_drift,edit_distance,categorical_fractionality_rate,negative_feature_rate,temporal_violation_rate,acceptance_rate
amlnet,layering,0,random_feasible_v2,165,1.040314766487025,0.3292649937397589,645,220,9.144958212771847,0.9704302886241184,35.490909576416016,37.84848403930664,1.4484848976135254,29290.08203125,39792.9921875,851.0853271484375,8.75843875428417,1.5734572049191338,92.96434020996094,69.16434478759766,5.3751935958862305,94912.234375,15173.140625,3892.300048828125,9.028257569420719,0.9457432853699705,34.91363525390625,33.86818313598633,1.6136363744735718,29885.47265625,28530.123046875,794.8223266601562,0.0003206038545690375,0.0,0.0,0.0,2.6474797082010353,0.02239943405591392,0.0,0.0,0.0,0.9454545454545454
amlnet,layering,0,hard_projected_v2,165,0.7636595643062135,0.628094393838227,645,220,7.147943666064621,0.7934939879309519,38.87461471557617,36.68976593017578,1.735120415687561,37086.515625,40422.74609375,1566.2161865234375,8.75843875428417,1.5734572049191338,92.96434020996094,69.16434478759766,5.3751935958862305,94912.234375,15173.140625,3892.300048828125,9.028257569420719,0.9457432853699705,34.91363525390625,33.86818313598633,1.6136363744735718,29885.47265625,28530.123046875,794.8223266601562,9.102272381098947,0.0,0.0,0.0,1.044032839195744,0.37752178075297316,0.0,0.0,0.0,0.9454545454545454
amlnet,layering,0,plausible_hard_projected_v2,165,0.695301471172858,0.4929284281919453,645,220,6.914554739432526,0.5677673575979862,36.820701599121094,26.777809143066406,1.623119592666626,33296.046875,16115.9560546875,1134.3629150390625,8.75843875428417,1.5734572049191338,92.96434020996094,69.16434478759766,5.3751935958862305,94912.234375,15173.140625,3892.300048828125,9.028257569420719,0.9457432853699705,34.91363525390625,33.86818313598633,1.6136363744735718,29885.47265625,28530.123046875,794.8223266601562,7.126284897972398,0.0,0.0,0.0,0.8474903023702147,0.27301144009552136,0.0,0.0,0.0,0.9454545454545454
amlnet,layering,0,curriculum_projected_v2,165,0.7663224742772329,0.5209818903311307,645,220,7.471202638450672,0.7851078501720424,32.71625518798828,31.9310359954834,1.7371541261672974,26913.14453125,31795.787109375,589.0497436523438,8.75843875428417,1.5734572049191338,92.96434020996094,69.16434478759766,5.3751935958862305,94912.234375,15173.140625,3892.300048828125,9.028257569420719,0.9457432853699705,34.91363525390625,33.86818313598633,1.6136363744735718,29885.47265625,28530.123046875,794.8223266601562,3.997498191217782,0.0,0.0,0.0,1.322109565153837,0.3357251186688867,0.0,0.0,0.0,0.9454545454545454
amlnet,layering,0,typology_projected_v2,165,0.7507047934508332,0.6474307336175356,645,220,7.086941122925065,0.801635955828747,43.06519317626953,37.35008239746094,4.818159580230713,37684.16015625,43276.5078125,1529.9993896484375,8.75843875428417,1.5734572049191338,92.96434020996094,69.16434478759766,5.3751935958862305,94912.234375,15173.140625,3892.300048828125,9.028257569420719,0.9457432853699705,34.91363525390625,33.86818313598633,1.6136363744735718,29885.47265625,28530.123046875,794.8223266601562,9.685582328097542,0.0,0.0,0.0,0.9926394118515328,0.44701625466381056,0.0,0.0,0.0,0.9454545454545454
amlnet,layering,0,plausible_typology_projected_v2,165,0.7037429536876534,0.5132358514759635,645,220,6.826657862180662,0.5767499497729554,40.705841064453125,26.91254234313965,5.0348100662231445,32897.7109375,17383.20703125,994.401123046875,8.75843875428417,1.5734572049191338,92.96434020996094,69.16434478759766,5.3751935958862305,94912.234375,15173.140625,3892.300048828125,9.028257569420719,0.9457432853699705,34.91363525390625,33.86818313598633,1.6136363744735718,29885.47265625,28530.123046875,794.8223266601562,7.845966902644914,0.0,0.0,0.0,0.7637280924181847,0.3453710444862915,0.0,0.0,0.0,0.9454545454545454
amlnet,layering,1,random_feasible_v2,165,1.509741872302503,0.4872411473930871,645,220,9.024978724372177,0.9773184157659498,34.85454559326172,28.230302810668945,1.1515151262283325,30080.896484375,18409.412109375,693.034912109375,8.75843875428417,1.5734572049191338,92.96434020996094,69.16434478759766,5.3751935958862305,94912.234375,15173.140625,3892.300048828125,9.028257569420719,0.9457432853699705,34.91363525390625,33.86818313598633,1.6136363744735718,29885.47265625,28530.123046875,794.8223266601562,0.08347665058452415,0.0,0.0,0.0,2.5790283942883434,0.029947644753493513,0.0,0.0,0.0,0.9454545454545454
amlnet,layering,1,hard_projected_v2,165,0.7862776821499627,0.6076156009879807,645,220,7.24025353639976,0.7558824381908998,39.77279281616211,41.4069938659668,1.0155168771743774,36923.20703125,53319.18359375,1225.962158203125,8.75843875428417,1.5734572049191338,92.96434020996094,69.16434478759766,5.3751935958862305,94912.234375,15173.140625,3892.300048828125,9.028257569420719,0.9457432853699705,34.91363525390625,33.86818313598633,1.6136363744735718,29885.47265625,28530.123046875,794.8223266601562,9.123071598995292,0.0,0.0,0.0,1.0975365137285855,0.3857690899322485,0.0,0.0,0.0,0.9454545454545454
amlnet,layering,1,plausible_hard_projected_v2,165,0.7511082469855652,0.5018196908284251,645,220,7.0403666588922675,0.6290965206382091,34.85613250732422,31.50464630126953,1.1231956481933594,33200.390625,30933.384765625,911.2282104492188,8.75843875428417,1.5734572049191338,92.96434020996094,69.16434478759766,5.3751935958862305,94912.234375,15173.140625,3892.300048828125,9.028257569420719,0.9457432853699705,34.91363525390625,33.86818313598633,1.6136363744735718,29885.47265625,28530.123046875,794.8223266601562,7.652290679397166,0.0,0.0,0.0,0.8915194879739369,0.28745676205635295,0.0,0.0,0.0,0.9454545454545454
amlnet,layering,1,curriculum_projected_v2,165,0.7319234726868861,0.5613285110872749,645,220,7.680058127281033,0.7790844587792555,39.87751007080078,45.08927536010742,1.2322585582733154,37260.28515625,55578.625,722.5086059570312,8.75843875428417,1.5734572049191338,92.96434020996094,69.16434478759766,5.3751935958862305,94912.234375,15173.140625,3892.300048828125,9.028257569420719,0.9457432853699705,34.91363525390625,33.86818313598633,1.6136363744735718,29885.47265625,28530.123046875,794.8223266601562,3.8286474400805193,0.0,0.0,0.0,1.4508532597114363,0.4052686484582716,0.0,0.0,0.0,0.9454545454545454
amlnet,layering,1,typology_projected_v2,165,0.7738496517129242,0.6373545697962555,645,220,7.253980704254735,0.7867977136885258,44.91603469848633,44.04539108276367,3.9825406074523926,38584.72265625,60424.62890625,1104.7723388671875,8.75843875428417,1.5734572049191338,92.96434020996094,69.16434478759766,5.3751935958862305,94912.234375,15173.140625,3892.300048828125,9.028257569420719,0.9457432853699705,34.91363525390625,33.86818313598633,1.6136363744735718,29885.47265625,28530.123046875,794.8223266601562,9.627540000746565,0.0,0.0,0.0,1.1052897071848882,0.46486901806071357,0.0,0.0,0.0,0.9454545454545454
amlnet,layering,1,plausible_typology_projected_v2,165,0.7190840793946299,0.5265333419776779,645,220,6.969492795404242,0.6177645712139556,39.50181579589844,32.342159271240234,4.68191385269165,33533.98046875,31295.021484375,907.1668701171875,8.75843875428417,1.5734572049191338,92.96434020996094,69.16434478759766,5.3751935958862305,94912.234375,15173.140625,3892.300048828125,9.028257569420719,0.9457432853699705,34.91363525390625,33.86818313598633,1.6136363744735718,29885.47265625,28530.123046875,794.8223266601562,8.046552193825788,0.0,0.0,0.0,0.8236699012976969,0.35993320837092,0.0,0.0,0.0,0.9454545454545454
amlnet,layering,2,random_feasible_v2,165,0.9947550753833277,0.31190191606880585,645,220,8.886438850773596,0.944589730814205,32.448486328125,29.012121200561523,1.5333333015441895,27224.279296875,18129.201171875,762.2416381835938,8.75843875428417,1.5734572049191338,92.96434020996094,69.16434478759766,5.3751935958862305,94912.234375,15173.140625,3892.300048828125,9.028257569420719,0.9457432853699705,34.91363525390625,33.86818313598633,1.6136363744735718,29885.47265625,28530.123046875,794.8222045898438,0.034669083101067595,0.0,0.0,0.0,2.4308451719895894,0.022639199591970617,0.0,0.0,0.0,0.9454545454545454
amlnet,layering,2,hard_projected_v2,165,0.7419350786937328,0.6160079119761106,645,220,7.314500491200536,0.7961565815591108,42.0771598815918,42.66798782348633,1.3611088991165161,41697.27734375,51005.55078125,1386.6248779296875,8.75843875428417,1.5734572049191338,92.96434020996094,69.16434478759766,5.3751935958862305,94912.234375,15173.140625,3892.300048828125,9.028257569420719,0.9457432853699705,34.91363525390625,33.86818313598633,1.6136363744735718,29885.47265625,28530.123046875,794.8222045898438,9.10849894879671,0.0,0.0,0.0,1.1803322042775517,0.4229262942189909,0.0,0.0,0.0,0.9454545454545454
amlnet,layering,2,plausible_hard_projected_v2,165,0.7768321474818781,0.5049708664485887,645,220,7.151641789644275,0.658953756834887,34.47018051147461,28.45425033569336,1.3325577974319458,32139.021484375,24232.0703125,1085.618896484375,8.75843875428417,1.5734572049191338,92.96434020996094,69.16434478759766,5.3751935958862305,94912.234375,15173.140625,3892.300048828125,9.028257569420719,0.9457432853699705,34.91363525390625,33.86818313598633,1.6136363744735718,29885.47265625,28530.123046875,794.8222045898438,6.563471103737287,0.0,0.0,0.0,0.995589167433541,0.27626475369617876,0.0,0.0,0.0,0.9454545454545454
amlnet,layering,2,curriculum_projected_v2,165,0.7159461791654206,0.5283927556587439,645,220,7.845415372367067,0.8670124344840496,39.17476272583008,44.69011688232422,1.5306884050369263,33085.8125,56869.6953125,643.0880737304688,8.75843875428417,1.5734572049191338,92.96434020996094,69.16434478759766,5.3751935958862305,94912.234375,15173.140625,3892.300048828125,9.028257569420719,0.9457432853699705,34.91363525390625,33.86818313598633,1.6136363744735718,29885.47265625,28530.123046875,794.8222045898438,4.086521642097765,0.0,0.0,0.0,1.6043114530738358,0.43439883608890334,0.0,0.0,0.0,0.9454545454545454
amlnet,layering,2,typology_projected_v2,165,0.7447746016521037,0.6287788376384037,645,220,7.296272213061354,0.8330657299961198,44.73850631713867,43.562103271484375,4.690093040466309,39704.078125,55661.1875,1077.6280517578125,8.75843875428417,1.5734572049191338,92.96434020996094,69.16434478759766,5.3751935958862305,94912.234375,15173.140625,3892.300048828125,9.028257569420719,0.9457432853699705,34.91363525390625,33.86818313598633,1.6136363744735718,29885.47265625,28530.123046875,794.8222045898438,9.945841404750126,0.0,0.0,0.0,1.1487373527423559,0.49822213609573224,0.0,0.0,0.0,0.9454545454545454
amlnet,layering,2,plausible_typology_projected_v2,165,0.7560771914192792,0.5309543503615874,645,220,7.106767487917605,0.6718836886400916,38.710166931152344,30.061803817749023,5.033758640289307,32033.916015625,27790.126953125,865.8178100585938,8.75843875428417,1.5734572049191338,92.96434020996094,69.16434478759766,5.3751935958862305,94912.234375,15173.140625,3892.300048828125,9.028257569420719,0.9457432853699705,34.91363525390625,33.86818313598633,1.6136363744735718,29885.47265625,28530.123046875,794.8222045898438,7.952572070130819,0.0,0.0,0.0,0.9582280194259463,0.36833035088941973,0.0,0.0,0.0,0.9454545454545454
amlnet,structuring,0,random_feasible_v2,568,2.260484509755979,0.24845515614654637,133,757,8.234582436367168,1.5924290812338187,33.93838119506836,25.054576873779297,1.8714789152145386,63255.9140625,14985.1123046875,4035.35302734375,8.582168950471702,0.9320084014914173,97.91728973388672,66.42857360839844,5.796992301940918,75184.6875,12422.1630859375,1570.43896484375,8.293175936317432,1.5374911855674132,33.623512268066406,24.56538963317871,1.9233818054199219,63417.03515625,14300.8623046875,3864.980224609375,0.022068601073326692,0.0,0.0,0.0,1.7140016642705702,0.016988017778073496,0.0,0.0,0.0,0.948943661971831
amlnet,structuring,0,hard_projected_v2,568,0.8388511394546729,0.36533324491960356,133,757,5.6209014212749056,0.7618504269412127,38.167030334472656,27.758533477783203,3.036818742752075,36968.24609375,10025.9423828125,1210.431396484375,8.582168950471702,0.9320084014914173,97.91728973388672,66.42857360839844,5.796992301940918,75184.6875,12422.1630859375,1570.43896484375,8.293175936317432,1.5374911855674132,33.623512268066406,24.56538963317871,1.9233818054199219,63417.03515625,14300.8623046875,3864.980224609375,7.762796339250294,0.0,0.0,0.0,0.6602693072915758,0.19102243836332047,0.0,0.0,0.0,0.948943661971831
amlnet,structuring,0,plausible_hard_projected_v2,568,0.8320588150624282,0.3398782891586141,133,757,5.816771962466339,0.44888943380709134,37.3395881652832,24.68405532836914,2.595043182373047,38135.1640625,5829.70166015625,1286.9388427734375,8.582168950471702,0.9320084014914173,97.91728973388672,66.42857360839844,5.796992301940918,75184.6875,12422.1630859375,1570.43896484375,8.293175936317432,1.5374911855674132,33.623512268066406,24.56538963317871,1.9233818054199219,63417.03515625,14300.8623046875,3864.980224609375,6.2535774656148995,0.0,0.0,0.0,0.44864563673335844,0.1544254716277164,0.0,0.0,0.0,0.948943661971831
amlnet,structuring,0,curriculum_projected_v2,568,1.2401747521272108,0.5123806610485289,133,757,6.589609364576197,1.0131456235213734,35.0927848815918,23.123743057250977,3.0202438831329346,42388.83203125,8617.5947265625,3329.16064453125,8.582168950471702,0.9320084014914173,97.91728973388672,66.42857360839844,5.796992301940918,75184.6875,12422.1630859375,1570.43896484375,8.293175936317432,1.5374911855674132,33.623512268066406,24.56538963317871,1.9233818054199219,63417.03515625,14300.8623046875,3864.980224609375,3.8529521762643255,0.0,0.0,0.0,0.6624795957819796,0.24357620670512237,0.0,0.0,0.0,0.948943661971831
amlnet,structuring,0,typology_projected_v2,568,0.8541073636467165,0.38563883273381366,133,757,5.641313852581005,0.760677029544143,40.684452056884766,29.638402938842773,4.997846603393555,40779.9140625,11154.986328125,1243.0728759765625,8.582168950471702,0.9320084014914173,97.91728973388672,66.42857360839844,5.796992301940918,75184.6875,12422.1630859375,1570.43896484375,8.293175936317432,1.5374911855674132,33.623512268066406,24.56538963317871,1.9233818054199219,63417.03515625,14300.8623046875,3864.980224609375,7.909158843133233,0.0,0.0,0.0,0.6519988999887179,0.23623842062870012,0.0,0.0,0.0,0.948943661971831
amlnet,structuring,0,plausible_typology_projected_v2,568,0.856804248769022,0.3581679650405511,133,757,5.815314762843256,0.44648491436807647,39.93674850463867,26.99555778503418,4.652724266052246,41061.46875,6006.2255859375,1436.316650390625,8.582168950471702,0.9320084014914173,97.91728973388672,66.42857360839844,5.796992301940918,75184.6875,12422.1630859375,1570.43896484375,8.293175936317432,1.5374911855674132,33.623512268066406,24.56538963317871,1.9233818054199219,63417.03515625,14300.8623046875,3864.980224609375,6.536542508109779,0.0,0.0,0.0,0.4482874783035443,0.20015582605746735,0.0,0.0,0.0,0.948943661971831
amlnet,structuring,1,random_feasible_v2,568,2.579693048352976,0.2989871301644959,133,757,8.419813428155043,1.5301887668878291,32.50352096557617,24.149648666381836,1.9119718074798584,63159.16796875,16382.712890625,3733.1650390625,8.582168950471702,0.9320084014914173,97.91728973388672,66.42857360839844,5.796992301940918,75184.6875,12422.1630859375,1570.43896484375,8.293175936317432,1.5374911855674134,33.623512268066406,24.56538963317871,1.9233818054199219,63417.0390625,14300.8642578125,3864.980224609375,0.05821303466071314,0.0,0.0,0.0,1.841211921606296,0.017477834787214475,0.0,0.0,0.0,0.948943661971831
amlnet,structuring,1,hard_projected_v2,568,0.8025305390069724,0.3480636822428268,133,757,5.6378271906277355,0.7531725247591642,37.579505920410156,27.3021297454834,3.0221188068389893,34710.80859375,9201.3427734375,1106.5284423828125,8.582168950471702,0.9320084014914173,97.91728973388672,66.42857360839844,5.796992301940918,75184.6875,12422.1630859375,1570.43896484375,8.293175936317432,1.5374911855674134,33.623512268066406,24.56538963317871,1.9233818054199219,63417.0390625,14300.8642578125,3864.980224609375,8.544639777507001,0.0,0.0,0.0,0.6045273732463549,0.17683369906767848,0.0,0.0,0.0,0.948943661971831
amlnet,structuring,1,plausible_hard_projected_v2,568,0.8179242914412608,0.3235521169149949,133,757,5.7868556984536434,0.4819680666117755,36.357666015625,24.671493530273438,2.6768593788146973,35580.36328125,5641.76416015625,1134.3878173828125,8.582168950471702,0.9320084014914173,97.91728973388672,66.42857360839844,5.796992301940918,75184.6875,12422.1630859375,1570.43896484375,8.293175936317432,1.5374911855674134,33.623512268066406,24.56538963317871,1.9233818054199219,63417.0390625,14300.8642578125,3864.980224609375,7.384750145353913,0.0,0.0,0.0,0.42829723774908474,0.14806923444252398,0.0,0.0,0.0,0.948943661971831
amlnet,structuring,1,curriculum_projected_v2,568,1.1901990084535676,0.4809881456923368,133,757,6.546458000203572,1.0313925772711208,35.854278564453125,26.320457458496094,2.9791259765625,47007.4296875,10914.6025390625,3868.58984375,8.582168950471702,0.9320084014914173,97.91728973388672,66.42857360839844,5.796992301940918,75184.6875,12422.1630859375,1570.43896484375,8.293175936317432,1.5374911855674134,33.623512268066406,24.56538963317871,1.9233818054199219,63417.0390625,14300.8642578125,3864.980224609375,3.9693451348718143,0.0,0.0,0.0,0.6458483817761176,0.25520920947579795,0.0,0.0,0.0,0.948943661971831
amlnet,structuring,1,typology_projected_v2,568,0.8192182962063392,0.3696151630463249,133,757,5.650946366610284,0.7465502297962625,39.00775909423828,29.182390213012695,4.978189945220947,36812.39453125,9929.34375,1161.6856689453125,8.582168950471702,0.9320084014914173,97.91728973388672,66.42857360839844,5.796992301940918,75184.6875,12422.1630859375,1570.43896484375,8.293175936317432,1.5374911855674134,33.623512268066406,24.56538963317871,1.9233818054199219,63417.0390625,14300.8642578125,3864.980224609375,8.551927200712242,0.0,0.0,0.0,0.6012814966188853,0.22234503975089706,0.0,0.0,0.0,0.948943661971831
amlnet,structuring,1,plausible_typology_projected_v2,568,0.8328318263105201,0.3407271614912387,133,757,5.798949009205015,0.4862997870798232,38.30400466918945,26.571531295776367,4.663423538208008,38257.9921875,6187.4658203125,1310.2491455078125,8.582168950471702,0.9320084014914173,97.91728973388672,66.42857360839844,5.796992301940918,75184.6875,12422.1630859375,1570.43896484375,8.293175936317432,1.5374911855674134,33.623512268066406,24.56538963317871,1.9233818054199219,63417.0390625,14300.8642578125,3864.980224609375,7.320545655367421,0.0,0.0,0.0,0.42204388595099157,0.18917031101673498,0.0,0.0,0.0,0.948943661971831
amlnet,structuring,2,random_feasible_v2,568,2.1837865742651643,0.2616996032132811,133,757,8.336053231272233,1.5058838759010704,35.46126937866211,24.82570457458496,2.0985915660858154,63408.74609375,13318.6201171875,3414.67138671875,8.582168950471702,0.9320084014914173,97.91728973388672,66.42857360839844,5.796992301940918,75184.6875,12422.1630859375,1570.43896484375,8.293175936317432,1.5374911855674132,33.623512268066406,24.56538963317871,1.9233818054199219,63417.03515625,14300.8623046875,3864.98046875,0.008929585468652293,0.0,0.0,0.0,1.7499557506609236,0.01777583215670717,0.0,0.0,0.0,0.948943661971831
amlnet,structuring,2,hard_projected_v2,568,0.8060735784360187,0.3709582883113323,133,757,5.6440521514589745,0.8364486052837069,38.709800720214844,28.185991287231445,3.2378737926483154,35500.0625,10403.3076171875,1058.498779296875,8.582168950471702,0.9320084014914173,97.91728973388672,66.42857360839844,5.796992301940918,75184.6875,12422.1630859375,1570.43896484375,8.293175936317432,1.5374911855674132,33.623512268066406,24.56538963317871,1.9233818054199219,63417.03515625,14300.8623046875,3864.98046875,8.268900476272266,0.0,0.0,0.0,0.6372221692673107,0.1944125834570629,0.0,0.0,0.0,0.948943661971831
amlnet,structuring,2,plausible_hard_projected_v2,568,0.8116115856491793,0.322799476711881,133,757,5.7857769358740425,0.5024525997026583,35.03402328491211,23.68977165222168,2.4984130859375,34328.78515625,5674.39892578125,955.6045532226562,8.582168950471702,0.9320084014914173,97.91728973388672,66.42857360839844,5.796992301940918,75184.6875,12422.1630859375,1570.43896484375,8.293175936317432,1.5374911855674132,33.623512268066406,24.56538963317871,1.9233818054199219,63417.03515625,14300.8623046875,3864.98046875,6.631098230387217,0.0,0.0,0.0,0.4078646566801074,0.14508441620000473,0.0,0.0,0.0,0.948943661971831
amlnet,structuring,2,curriculum_projected_v2,568,1.0936102266185699,0.44687112629561176,133,757,6.5318428545136875,1.0815089291344502,35.09980010986328,23.03951644897461,3.0021722316741943,42928.28125,7629.27294921875,2915.9697265625,8.582168950471702,0.9320084014914173,97.91728973388672,66.42857360839844,5.796992301940918,75184.6875,12422.1630859375,1570.43896484375,8.293175936317432,1.5374911855674132,33.623512268066406,24.56538963317871,1.9233818054199219,63417.03515625,14300.8623046875,3864.98046875,3.941018429147724,0.0,0.0,0.0,0.6885593871846541,0.22959987293783146,0.0,0.0,0.0,0.948943661971831
amlnet,structuring,2,typology_projected_v2,568,0.8245039230617702,0.3896541698767774,133,757,5.669104925378185,0.8408341650170786,39.818641662597656,29.80461883544922,5.118470191955566,36763.453125,11818.763671875,1104.7259521484375,8.582168950471702,0.9320084014914173,97.91728973388672,66.42857360839844,5.796992301940918,75184.6875,12422.1630859375,1570.43896484375,8.293175936317432,1.5374911855674132,33.623512268066406,24.56538963317871,1.9233818054199219,63417.03515625,14300.8623046875,3864.98046875,8.548024457645537,0.0,0.0,0.0,0.6313739731484107,0.23140160192238918,0.0,0.0,0.0,0.948943661971831
amlnet,structuring,2,plausible_typology_projected_v2,568,0.8434623380632303,0.348280364829091,133,757,5.777299927705148,0.48818858110325014,37.55849075317383,25.86834716796875,4.559301376342773,37910.9375,5805.0693359375,1160.9912109375,8.582168950471702,0.9320084014914173,97.91728973388672,66.42857360839844,5.796992301940918,75184.6875,12422.1630859375,1570.43896484375,8.293175936317432,1.5374911855674132,33.623512268066406,24.56538963317871,1.9233818054199219,63417.03515625,14300.8623046875,3864.98046875,7.250873593729056,0.0,0.0,0.0,0.41485322711528927,0.19237394737356586,0.0,0.0,0.0,0.948943661971831
amlnet,integration,0,random_feasible_v2,685,5.883445477714069,0.2804800382709726,22,913,8.298045704714045,1.427444955067766,35.35474395751953,23.788320541381836,2.043795585632324,59454.57421875,7726.65673828125,3671.6787109375,10.904861869767078,0.5412932966604305,85.31818389892578,237.5454559326172,0.0,51369.42578125,462727.375,0.0,8.301956984735618,1.3712004506385254,34.3964958190918,22.53121566772461,1.9835706949234009,58566.09375,7175.15673828125,3396.113037109375,0.013573909299437484,0.0,0.0,0.0,1.7667081227410733,0.020947047156147976,0.0,0.0,0.0,0.948905109489051
amlnet,integration,0,hard_projected_v2,685,6.618413416287724,0.3471405350365543,22,913,5.875725728025891,0.9214702040733179,38.97384262084961,27.28913688659668,2.708742618560791,34558.2734375,10063.6826171875,809.9136962890625,10.904861869767078,0.5412932966604305,85.31818389892578,237.5454559326172,0.0,51369.42578125,462727.375,0.0,8.301956984735618,1.3712004506385254,34.3964958190918,22.53121566772461,1.9835706949234009,58566.09375,7175.15673828125,3396.113037109375,7.6857340569010875,0.0,0.0,0.0,0.7169870688454331,0.2416178249556691,0.0,0.0,0.0,0.948905109489051
amlnet,integration,0,plausible_hard_projected_v2,685,6.664541280247837,0.33420549538840405,22,913,5.899312168258094,0.5618702634271937,37.11206817626953,24.30177879333496,2.4415223598480225,36335.5078125,5770.75341796875,1053.6368408203125,10.904861869767078,0.5412932966604305,85.31818389892578,237.5454559326172,0.0,51369.42578125,462727.375,0.0,8.301956984735618,1.3712004506385254,34.3964958190918,22.53121566772461,1.9835706949234009,58566.09375,7175.15673828125,3396.113037109375,6.018727502025497,0.0,0.0,0.0,0.48307978105976995,0.18148618917585996,0.0,0.0,0.0,0.948905109489051
amlnet,integration,0,curriculum_projected_v2,685,6.533741484433752,0.36951363269594717,22,913,6.5312355572603416,1.0121170417353453,36.10972213745117,25.679302215576172,2.7163610458374023,37220.10546875,9988.5732421875,1409.99853515625,10.904861869767078,0.5412932966604305,85.31818389892578,237.5454559326172,0.0,51369.42578125,462727.375,0.0,8.301956984735618,1.3712004506385254,34.3964958190918,22.53121566772461,1.9835706949234009,58566.09375,7175.15673828125,3396.113037109375,3.7672180938247104,0.0,0.0,0.0,0.7335972750258032,0.2650892524342185,0.0,0.0,0.0,0.948905109489051
amlnet,integration,0,typology_projected_v2,685,6.601748841940127,0.3768602409027099,22,913,5.964953756538642,0.9784199425672588,41.60982131958008,28.900033950805664,5.341727256774902,35563.36328125,11259.9462890625,925.220458984375,10.904861869767078,0.5412932966604305,85.31818389892578,237.5454559326172,0.0,51369.42578125,462727.375,0.0,8.301956984735618,1.3712004506385254,34.3964958190918,22.53121566772461,1.9835706949234009,58566.09375,7175.15673828125,3396.113037109375,8.054209183506302,0.0,0.0,0.0,0.7467010014760591,0.30931233998059177,0.0,0.0,0.0,0.948905109489051
amlnet,integration,0,plausible_typology_projected_v2,685,6.6717002151196825,0.35757937473613755,22,913,5.910825220335824,0.5588571115227714,39.89528274536133,26.150949478149414,4.722039699554443,38658.08984375,6021.51806640625,1257.3726806640625,10.904861869767078,0.5412932966604305,85.31818389892578,237.5454559326172,0.0,51369.42578125,462727.375,0.0,8.301956984735618,1.3712004506385254,34.3964958190918,22.53121566772461,1.9835706949234009,58566.09375,7175.15673828125,3396.113037109375,6.488165940340652,0.0,0.0,0.0,0.4797036626594411,0.23130094478609092,0.0,0.0,0.0,0.948905109489051
amlnet,integration,1,random_feasible_v2,685,5.870756584270846,0.2636335379114679,22,913,8.337849841684523,1.316776832385421,34.91532897949219,23.306570053100586,2.0204379558563232,57782.41796875,7280.4248046875,3086.480712890625,10.904861869767078,0.5412932966604305,85.31818389892578,237.5454559326172,0.0,51369.42578125,462727.375,0.0,8.301956984735618,1.3712004506385254,34.3964958190918,22.53121566772461,1.9835706949234009,58566.09375,7175.15673828125,3396.11279296875,0.023367697933164278,0.0,0.0,0.0,1.7527174603178193,0.019852684530606794,0.0,0.0,0.0,0.948905109489051
amlnet,integration,1,hard_projected_v2,685,6.626849102212296,0.3533490363988004,22,913,5.789821122319856,0.8446392104372743,41.99284744262695,29.58152961730957,2.838204860687256,36208.31640625,12631.3974609375,1075.8956298828125,10.904861869767078,0.5412932966604305,85.31818389892578,237.5454559326172,0.0,51369.42578125,462727.375,0.0,8.301956984735618,1.3712004506385254,34.3964958190918,22.53121566772461,1.9835706949234009,58566.09375,7175.15673828125,3396.11279296875,8.392495220451941,0.0,0.0,0.0,0.6207462491293326,0.25038893785483735,0.0,0.0,0.0,0.948905109489051
amlnet,integration,1,plausible_hard_projected_v2,685,6.6588454830545665,0.32808820442183995,22,913,5.848656337761481,0.5569847364463457,40.468482971191406,26.179723739624023,2.6176517009735107,37634.375,6118.08837890625,1156.6385498046875,10.904861869767078,0.5412932966604305,85.31818389892578,237.5454559326172,0.0,51369.42578125,462727.375,0.0,8.301956984735618,1.3712004506385254,34.3964958190918,22.53121566772461,1.9835706949234009,58566.09375,7175.15673828125,3396.11279296875,7.206330736012393,0.0,0.0,0.0,0.4419471697895772,0.17473598590509454,0.0,0.0,0.0,0.948905109489051
amlnet,integration,1,curriculum_projected_v2,685,6.530662988039559,0.3799307392335525,22,913,6.532498925813168,1.0290960548062342,38.37473678588867,25.92810821533203,2.5449962615966797,40893.83984375,11754.1328125,1727.39599609375,10.904861869767078,0.5412932966604305,85.31818389892578,237.5454559326172,0.0,51369.42578125,462727.375,0.0,8.301956984735618,1.3712004506385254,34.3964958190918,22.53121566772461,1.9835706949234009,58566.09375,7175.15673828125,3396.11279296875,3.9099748790010906,0.0,0.0,0.0,0.7107349125457716,0.2751917869623663,0.0,0.0,0.0,0.948905109489051
amlnet,integration,1,typology_projected_v2,685,6.630012152641596,0.37608980984460133,22,913,5.801258562661867,0.8301837273100707,44.031009674072266,30.810874938964844,5.168562889099121,37908.76171875,12948.537109375,1042.9814453125,10.904861869767078,0.5412932966604305,85.31818389892578,237.5454559326172,0.0,51369.42578125,462727.375,0.0,8.301956984735618,1.3712004506385254,34.3964958190918,22.53121566772461,1.9835706949234009,58566.09375,7175.15673828125,3396.11279296875,8.508369360124766,0.0,0.0,0.0,0.6184795894996787,0.30163165577514683,0.0,0.0,0.0,0.948905109489051
amlnet,integration,1,plausible_typology_projected_v2,685,6.653592734901381,0.34716039162222545,22,913,5.867008803440405,0.5549222727997049,42.87398910522461,28.013206481933594,4.930258750915527,39349.94921875,6517.64794921875,1125.5040283203125,10.904861869767078,0.5412932966604305,85.31818389892578,237.5454559326172,0.0,51369.42578125,462727.375,0.0,8.301956984735618,1.3712004506385254,34.3964958190918,22.53121566772461,1.9835706949234009,58566.09375,7175.15673828125,3396.11279296875,7.421015111916987,0.0,0.0,0.0,0.4386792154109717,0.22685360396769133,0.0,0.0,0.0,0.948905109489051
amlnet,integration,2,random_feasible_v2,685,5.739268249968547,0.25410656024315553,22,913,8.330785332160694,1.3353789273581445,35.37518310546875,23.296350479125977,2.0729928016662598,60678.30078125,7065.89111328125,3359.105224609375,10.904861869767078,0.5412932966604305,85.31818389892578,237.5454559326172,0.0,51369.42578125,462727.375,0.0,8.301956984735618,1.3712004506385254,34.3964958190918,22.53121566772461,1.9835706949234009,58566.08984375,7175.15625,3396.11279296875,0.00719041879642606,0.0,0.0,0.0,1.765831895866727,0.01805859893286457,0.0,0.0,0.0,0.948905109489051
amlnet,integration,2,hard_projected_v2,685,6.58389839804611,0.360209605263371,22,913,5.87325709171712,1.0117784789162747,42.43863296508789,29.94270133972168,3.1792941093444824,36577.7734375,10694.5810546875,1040.2109375,10.904861869767078,0.5412932966604305,85.31818389892578,237.5454559326172,0.0,51369.42578125,462727.375,0.0,8.301956984735618,1.3712004506385254,34.3964958190918,22.53121566772461,1.9835706949234009,58566.08984375,7175.15625,3396.11279296875,8.211864974379537,0.0,0.0,0.0,0.7464414477617806,0.2514495084329945,0.0,0.0,0.0,0.948905109489051
amlnet,integration,2,plausible_hard_projected_v2,685,6.650095648781426,0.3368591215366677,22,913,5.831331507632654,0.6031283762740166,39.799407958984375,26.207019805908203,2.765843391418457,38529.76171875,5979.00732421875,1246.51806640625,10.904861869767078,0.5412932966604305,85.31818389892578,237.5454559326172,0.0,51369.42578125,462727.375,0.0,8.301956984735618,1.3712004506385254,34.3964958190918,22.53121566772461,1.9835706949234009,58566.08984375,7175.15625,3396.11279296875,6.646720541464499,0.0,0.0,0.0,0.4671215355925577,0.18211538956181952,0.0,0.0,0.0,0.948905109489051
amlnet,integration,2,curriculum_projected_v2,685,6.488291428136202,0.39900040149967353,22,913,6.584061829435928,1.0432603576982629,37.806800842285156,28.027799606323242,3.0257341861724854,38715.24609375,15188.3681640625,1591.2352294921875,10.904861869767078,0.5412932966604305,85.31818389892578,237.5454559326172,0.0,51369.42578125,462727.375,0.0,8.301956984735618,1.3712004506385254,34.3964958190918,22.53121566772461,1.9835706949234009,58566.08984375,7175.15625,3396.11279296875,3.92361145001548,0.0,0.0,0.0,0.7519014916648472,0.3133743955184327,0.0,0.0,0.0,0.948905109489051
amlnet,integration,2,typology_projected_v2,685,6.590563149411507,0.3808910059085587,22,913,5.900132725065418,0.9773392443879643,44.18380355834961,30.6785888671875,5.661163330078125,37146.97265625,10580.49609375,1058.7418212890625,10.904861869767078,0.5412932966604305,85.31818389892578,237.5454559326172,0.0,51369.42578125,462727.375,0.0,8.301956984735618,1.3712004506385254,34.3964958190918,22.53121566772461,1.9835706949234009,58566.08984375,7175.15625,3396.11279296875,8.650580590790595,0.0,0.0,0.0,0.7208722532499907,0.3061373791495099,0.0,0.0,0.0,0.948905109489051
amlnet,integration,2,plausible_typology_projected_v2,685,6.649669735238158,0.3559643976116531,22,913,5.852861000699781,0.5936217373035068,41.93366241455078,27.390499114990234,5.061127662658691,40328.9140625,5854.62646484375,1276.906005859375,10.904861869767078,0.5412932966604305,85.31818389892578,237.5454559326172,0.0,51369.42578125,462727.375,0.0,8.301956984735618,1.3712004506385254,34.3964958190918,22.53121566772461,1.9835706949234009,58566.08984375,7175.15625,3396.11279296875,7.006669086494144,0.0,0.0,0.0,0.46348435055942516,0.2322179728947672,0.0,0.0,0.0,0.948905109489051
