augmentation,auprc,auroc,brier,dataset,detector,ece,f1,heldout_typology,label_fraction,mcc,precision_at_0_5,precision_at_k,recall_at_0_5pct_fpr,recall_at_1pct_fpr,rho,seed,test_positives,train_positives,train_rows,training_seconds,val_auprc,val_auroc,val_brier,val_ece,val_f1,val_mcc,val_positives,val_precision_at_0_5,val_precision_at_k,val_recall_at_0_5pct_fpr,val_recall_at_1pct_fpr
none,0.02778825685488,0.6990357443631531,0.35720269776672203,transxion,logistic,0.38337398628234903,0.005048106746067,,1,0.021413822104153,0.0025338309376460003,0.06541019955654101,0.229490022172949,0.39467849223946705,1,0,902,2960,1817502,54.87763714790344,0.030236713847630003,0.7426861203984161,0.22340731380018303,0.24373220301928403,0.006832009378853,0.034028209911907005,779,0.003434028718504,0.08600770218228401,0.31193838254172,0.363286264441591
none,0.024969492355945002,0.781932202256798,0.107660692492013,transxion,logistic,0.11319598249269701,0.015695484684013,,1,0.06004560429838501,0.007950440320919001,0.044345898004434,0.139689578713968,0.30044345898004404,1,1,902,2960,1817502,54.01934003829956,0.020289594406948,0.7837902852888881,0.10237014272806,0.107539185647853,0.013462118925445,0.053673835821340006,779,0.006811136054733001,0.034659820282413004,0.137355584082156,0.30038510911424904
none,0.117512206328461,0.792718600883443,0.12390268535045401,transxion,logistic,0.13721975216395102,0.013925713603248001,,1,0.057281146883840006,0.007038682571111001,0.24390243902439002,0.48780487804878003,0.49667405764966704,1,2,902,2960,1817502,53.67357063293457,0.10154176693848901,0.8087374386412781,0.10760804611608901,0.118767553392238,0.013580280990366001,0.057021210801662,779,0.006863935043736001,0.23876765083440302,0.42490372272143706,0.43902439024390205
random_graph,0.064762556489093,0.77125818821761,0.244104242666409,transxion,logistic,0.288712381755722,0.007341252637359,,1,0.035957146075461,0.0036898653634950002,0.123059866962305,0.44345898004434503,0.470066518847006,1,0,902,5920,1820462,54.546324729919434,0.050184514967051,0.771936491753595,0.165038414961551,0.19793741857278802,0.008573355990675,0.041212523465747004,779,0.004315384086376,0.11681643132220701,0.377406931964056,0.40564826700898504
random_graph,0.051482733931078,0.699868894941525,0.23042838894552803,transxion,logistic,0.27250195337654304,0.006507167669651001,,1,0.028006289796881002,0.0032716315109770004,0.11640798226164001,0.36917960088691804,0.38359201773835905,1,1,902,5920,1820462,55.57832908630371,0.043379553392732,0.728620611824624,0.151331919737927,0.18320599907072002,0.008235001519882,0.037145508031366,779,0.004147260210424,0.11681643132220701,0.33761232349165604,0.355584082156611
random_graph,0.054651931881310005,0.7729528519472371,0.14625572335547402,transxion,logistic,0.170244622243546,0.011355585294812,,1,0.049103110517180006,0.005728639224796,0.129711751662971,0.42350332594235,0.442350332594235,1,2,902,5920,1820462,54.51978063583374,0.04827509337701601,0.7824245536659591,0.113799492073458,0.13216729852128,0.011993132353683001,0.05133475953259101,779,0.00605612433542,0.10911424903722701,0.396662387676508,0.42362002567394
adv_no_projection,0.041666314873663006,0.7813691577186741,0.18160338447731503,transxion,logistic,0.21009930913069402,0.009452665302691001,,1,0.043305442814347006,0.004760383386581001,0.06319290465631901,0.30598669623059804,0.46674057649667405,1,0,902,5920,1820462,53.97373962402344,0.032086029470208,0.7833351489100131,0.14783044345311802,0.171133289815835,0.009453730325032,0.043614141588635004,779,0.004763027124702,0.06418485237483901,0.332477535301668,0.427471116816431
adv_no_projection,0.046385103267656005,0.776567557031533,0.14379858225017902,transxion,logistic,0.171933556293858,0.011346842423701,,1,0.048822023945343004,0.005724636955934,0.09645232815964501,0.364745011086474,0.43791574279379103,1,1,902,5920,1820462,54.25315618515015,0.038414615154266,0.775386028041096,0.11676779388831601,0.13831561875700502,0.010903445831143001,0.046254038888634004,779,0.005504134271257,0.10141206675224601,0.359435173299101,0.38125802310654605
adv_no_projection,0.039661452557094,0.697828471179029,0.09259277496514101,transxion,logistic,0.11034165210507801,0.014605618011575,,1,0.053230503042023,0.007403993855606,0.069844789356984,0.382483370288248,0.39689578713968904,1,2,902,5920,1820462,52.834102630615234,0.032793048478401005,0.733868496173906,0.07747676722315701,0.092381675878518,0.014889234216327001,0.055002219788958,779,0.007550904459065,0.048780487804878,0.35815147625160404,0.373555840821566
random_feasible,0.06554419847847101,0.7724104947134991,0.24442269523599602,transxion,logistic,0.286458838959869,0.007320389026388,,1,0.035660673077694,0.003679476696647,0.12638580931263801,0.46008869179600803,0.48558758314855804,1,0,902,5920,1820462,53.89682698249817,0.052761259405458005,0.779427831643775,0.16439892433490502,0.195581410935274,0.008803679662984001,0.042611987576068,779,0.004431519180168,0.125802310654685,0.406931964056482,0.43260590500641805
random_feasible,0.056868582910340006,0.77340381795565,0.163971089846445,transxion,logistic,0.19988746345625302,0.009997797095555,,1,0.045055113019707,0.0050373962637880005,0.11308203991130801,0.431263858093126,0.467849223946784,1,1,902,5920,1820462,52.77492117881775,0.044475976487924,0.7880924032314861,0.11526290883918601,0.141466924263561,0.011513951916578,0.049995076440449,779,0.005811615921634,0.10654685494223301,0.38254172015404303,0.414634146341463
random_feasible,0.052058973609074,0.764884502676982,0.12259736837962401,transxion,logistic,0.143916271020806,0.012990654205607001,,1,0.053070014775305006,0.006564499752060001,0.108647450110864,0.414634146341463,0.45232815964523204,1,2,902,5920,1820462,53.71864032745361,0.044125805520333,0.779421370248765,0.10099267258157701,0.11773317593810101,0.013141800597354002,0.053843098303427005,779,0.006644518272425,0.102695763799743,0.396662387676508,0.41976893453145003
ours,0.07138686977057801,0.7116629364641851,0.15814323620200602,transxion,logistic,0.18644418528981402,0.009071845778621001,,1,0.037720279608374006,0.004573046247652,0.16962305986696202,0.38580931263858004,0.41130820399113005,1,0,902,5920,1820462,54.25245499610901,0.06974873254883801,0.740851700546133,0.12589079145068702,0.148196592482561,0.010007471641723002,0.043153295120847,779,0.005048255382331001,0.16688061617458202,0.39152759948652105,0.40949935815147603
ours,0.043219916568140004,0.6780550176514311,0.156724316541962,transxion,logistic,0.19095067327617302,0.008538190615105001,,1,0.034677467679769,0.0043036204206780004,0.10421286031042101,0.343680709534368,0.368070953436807,1,1,902,5920,1820462,53.311707973480225,0.037015936921514,0.7044394461896011,0.11912169262769201,0.145579951083638,0.009246071587008001,0.038067749499442,779,0.0046654649559960005,0.102695763799743,0.326059050064184,0.336328626444159
ours,0.058936775946046,0.711082429224091,0.35334556948752904,transxion,logistic,0.39268189032621104,0.005154250370854,,1,0.022886719555858002,0.002586903119426,0.162971175166297,0.33370288248337004,0.360310421286031,1,2,902,5920,1820462,55.651777029037476,0.054629408522095003,0.739065225072262,0.283713718453093,0.317394971706194,0.005552285760418001,0.028456588737764,779,0.0027874528015730004,0.152759948652118,0.328626444159178,0.34403080872913905
none,0.182191052793737,0.916778569258991,0.004448460153416,transxion,random_forest,0.028680273751064002,0.265649825230378,,1,0.292151288616945,0.186191536748329,0.30044345898004404,0.5820399113082041,0.65410199556541,1,0,902,2960,1817502,181.37905359268188,0.240377220981276,0.9281396574467721,0.004203739620228001,0.02811445034713,0.28450520833333304,0.325591772390171,779,0.190580026166593,0.349165596919127,0.6688061617458281,0.7381258023106541
none,0.18993657554654703,0.919514585304656,0.004357181454461,transxion,random_forest,0.027514350814359004,0.263356379635449,,1,0.290571351700227,0.183771929824561,0.301552106430155,0.576496674057649,0.672949002217294,1,1,902,2960,1817502,177.3940315246582,0.255312340372485,0.9295222665601991,0.004109905699000001,0.026961475511898002,0.285806451612903,0.32807615217053104,779,0.190866006031882,0.35430038510911405,0.679075738125802,0.745827984595635
none,0.184157399380237,0.9218351096338431,0.004340546722023,transxion,random_forest,0.027408003225994,0.262060379707438,,1,0.289980183448318,0.18217221981826,0.29490022172949004,0.576496674057649,0.672949002217294,1,2,902,2960,1817502,173.39213252067566,0.24591008639588402,0.9321933421238431,0.004089282063797,0.026860556894537,0.28334396936821904,0.326416297939267,779,0.18853503184713302,0.35044929396662305,0.671373555840821,0.747111681643132
random_graph,0.199043148646109,0.9246519771557611,0.005186576977085001,transxion,random_forest,0.034611109437119,0.29230289809909604,,1,0.323597727296825,0.20329432162982203,0.31152993348115304,0.595343680709534,0.677383592017738,1,0,902,5920,1820462,182.27596950531006,0.25451052755822,0.9380805693631491,0.004919102196946,0.033988592764944,0.30695289971163003,0.35330909705700203,779,0.204526046114432,0.355584082156611,0.684210526315789,0.7560975609756091
random_graph,0.189802434939702,0.9221634747739431,0.005344568302293001,transxion,random_forest,0.034560640546204,0.27106017191977,,1,0.30794739000308,0.182766615146831,0.298226164079822,0.5942350332594231,0.6829268292682921,1,1,902,5920,1820462,183.59191513061523,0.244901167415621,0.9350651738987771,0.005076162284727,0.033861401521476,0.28350208457415105,0.334412196086152,779,0.184567661884451,0.35173299101412003,0.686777920410783,0.7599486521181
random_graph,0.204039618266559,0.9239076942008231,0.005067071600594,transxion,random_forest,0.033474375182447,0.285197467591196,,1,0.318915922758891,0.19585921325051703,0.307095343680709,0.601995565410199,0.6906873614190681,1,2,902,5920,1820462,180.8835928440094,0.263101005796576,0.9377960027801291,0.00479021506605,0.032841496334730005,0.296296296296296,0.34432342811827904,779,0.19556285949055002,0.356867779204107,0.690629011553273,0.7637997432605901
adv_no_projection,0.158812216456128,0.920428382098998,0.007999724948798,transxion,random_forest,0.047545433966271006,0.24167561761546702,,1,0.28028132584894705,0.15946137491141002,0.264966740576496,0.5376940133037691,0.607538802660753,1,0,902,5920,1820462,181.57302713394165,0.220319036119724,0.9292627435846991,0.007644728167698,0.046582074823664006,0.251822770611329,0.30318632940191703,779,0.16110513096519502,0.31322207958921605,0.6264441591784331,0.6893453145057761
adv_no_projection,0.170541526074509,0.9201141652570781,0.008258162004130001,transxion,random_forest,0.05042140217064801,0.24727074235807803,,1,0.285258409031791,0.164011585807385,0.290465631929046,0.536585365853658,0.601995565410199,1,1,902,5920,1820462,179.5566771030426,0.24230349987187702,0.931576116065961,0.007873413591365001,0.04922199364999601,0.26278609776773104,0.31562640979585604,779,0.16847826086956502,0.33376123234916505,0.618741976893453,0.707317073170731
adv_no_projection,0.16272985258581102,0.916190345515076,0.008158907602765001,transxion,random_forest,0.050154926933064004,0.24369296833064902,,1,0.282694635512103,0.16076487252124602,0.270509977827051,0.544345898004434,0.6119733924611971,1,2,902,5920,1820462,183.26626229286194,0.225532739879369,0.928208111529851,0.007813511548233001,0.04903011102666,0.257254464285714,0.31034281926044005,779,0.164349376114081,0.33376123234916505,0.62387676508344,0.704749679075738
random_feasible,0.19500009349166403,0.9239721404321071,0.005075645252092,transxion,random_forest,0.032603437023239,0.268149882903981,,1,0.302511743654699,0.182179793158313,0.30598669623059804,0.580931263858093,0.677383592017738,1,0,902,5920,1820462,176.3739833831787,0.255936163416878,0.93585290398228,0.0048170970853840004,0.031975640229149005,0.283368805107935,0.331850846119187,779,0.18565737051792802,0.35430038510911405,0.679075738125802,0.752246469833119
random_feasible,0.195373551768382,0.9262211297194701,0.005035348286031,transxion,random_forest,0.032292986927219006,0.265734265734265,,1,0.300214156062452,0.180237154150197,0.29711751662971103,0.5787139689578711,0.6751662971175161,1,1,902,5920,1820462,177.92509508132935,0.254643558600548,0.931905446718372,0.0047680200569730005,0.031616482767940005,0.284682515798976,0.334590111354369,779,0.185927672955974,0.34403080872913905,0.6816431322207951,0.754813863928113
random_feasible,0.19453133711967902,0.9183658717800871,0.004874864111133,transxion,random_forest,0.032026847941394,0.273220747889022,,1,0.305391806637891,0.18765534382767102,0.309312638580931,0.59090909090909,0.6895787139689571,1,2,902,5920,1820462,180.51070070266724,0.25563680269050004,0.9326606481174871,0.004608774461238,0.031380454270182004,0.295092216317599,0.34240610475440003,779,0.19504132231404903,0.359435173299101,0.693196405648267,0.758664955070603
ours,0.143709174226948,0.915300199470478,0.008325078490550001,transxion,random_forest,0.045182277813653006,0.22199798183652802,,1,0.262873861944508,0.143696930111038,0.254988913525498,0.497782705099778,0.5787139689578711,1,0,902,5920,1820462,172.11026239395142,0.210746000643687,0.9275350826114971,0.00796900996117,0.044226026948185004,0.231656184486373,0.28572469567643405,779,0.145538360223905,0.297817715019255,0.5879332477535301,0.6752246469833121
ours,0.15257286655340402,0.9179860101334361,0.008014978021604,transxion,random_forest,0.044498526788314,0.21440865502827602,,1,0.256116732579994,0.137756714060031,0.277161862527716,0.497782705099778,0.584257206208425,1,1,902,5920,1820462,169.50577855110168,0.21452752492340502,0.9266980927449181,0.007662009804,0.043477527539552,0.226339509263895,0.283938140843002,779,0.14059097978227,0.3196405648267,0.59563543003851,0.6829268292682921
ours,0.135855711896461,0.908793499767461,0.008510775536504001,transxion,random_forest,0.048532131009085,0.204110559886605,,1,0.24722896843071102,0.129690783548483,0.240576496674057,0.48226164079822603,0.5609756097560971,1,2,902,5920,1820462,168.71492290496826,0.203791771842659,0.9227844201646911,0.008137946654115,0.047162497361747005,0.219530284301606,0.27665088267498,779,0.13594611145131602,0.30423620025673903,0.582798459563543,0.6700898587933241
none,0.25013166592316805,0.9383429407608701,0.00404366675358,transxion,lightgbm,0.009046812290259,0.300907258064516,,1,0.357418274983535,0.19471624266144802,0.360310421286031,0.677383592017738,0.721729490022172,1,0,902,2960,1817502,33.86076641082764,0.32802161752323605,0.9488970443270891,0.00364094324514,0.008423294631424001,0.31217651865976503,0.38043244731485104,779,0.19813278008298701,0.413350449293966,0.7496790757381251,0.786906290115532
none,0.25149670429793003,0.930160620717656,0.004034518223809,transxion,lightgbm,0.008935302560888,0.294726217511985,,1,0.34986376275226005,0.190787324403789,0.364745011086474,0.665188470066518,0.713968957871396,1,1,902,2960,1817502,36.13301086425781,0.31466764476627,0.9459399234109871,0.003616261291898,0.00830609211055,0.309766162310866,0.376117858008279,779,0.19712885154061602,0.40564826700898504,0.7432605905006411,0.7830551989730421
none,0.252114727735728,0.9405756301824281,0.004040011138113001,transxion,lightgbm,0.009035726708530001,0.29496584872248904,,1,0.34983797299075803,0.19108489019993402,0.375831485587583,0.6640798226164081,0.70509977827051,1,2,902,2960,1817502,36.40517020225525,0.317216199804632,0.9489091142256991,0.0036234947999340002,0.008383898898255,0.306504961411245,0.371870633525053,779,0.195156195156195,0.40949935815147603,0.7381258023106541,0.7830551989730421
random_graph,0.26471635772164803,0.938434886372231,0.0038709812453210004,transxion,lightgbm,0.009063097841554001,0.310754912099276,,1,0.365908117314512,0.20262980445043802,0.368070953436807,0.684035476718403,0.728381374722838,1,0,902,5920,1820462,37.876710414886475,0.311216638422793,0.948722131574221,0.0034446781066210003,0.008365312808905,0.326801152737752,0.390341842864449,779,0.21070234113712302,0.413350449293966,0.7509627727856221,0.7830551989730421
random_graph,0.265645536264846,0.9456518434726711,0.0039039152532350002,transxion,lightgbm,0.009204486641411,0.312532501300052,,1,0.36728621974907105,0.20414402173913002,0.37472283813747204,0.696230598669623,0.7350332594235031,1,1,902,5920,1820462,40.31054902076721,0.30195956479614705,0.952960378133862,0.0034732948059680003,0.008485149849009001,0.32986111111111105,0.393452547656499,779,0.21292491595069102,0.38896020539152704,0.7573812580231061,0.786906290115532
random_graph,0.25537453987046405,0.94424062220374,0.0037212700279160003,transxion,lightgbm,0.008484433406558,0.32044788056518203,,1,0.37341868515568305,0.21095121095121003,0.36141906873614105,0.6906873614190681,0.7272727272727271,1,2,902,5920,1820462,36.72885251045227,0.31362268760153,0.9505113789451811,0.0033224114340750003,0.007849124051457,0.32871870397643504,0.38961864774520505,779,0.213302752293577,0.400513478818998,0.7509627727856221,0.786906290115532
adv_no_projection,0.25464285889924004,0.9414014088010301,0.004234072696905,transxion,lightgbm,0.010658593240009001,0.298704473233928,,1,0.358667698744114,0.19159611163374102,0.36696230598669605,0.6829268292682921,0.7195121951219511,1,0,902,5920,1820462,36.05738711357117,0.317021335197541,0.9487786345694351,0.0037778484897090002,0.009818257183786,0.31061634537062105,0.37897221169035805,779,0.19696969696969602,0.403080872913992,0.7496790757381251,0.7830551989730421
adv_no_projection,0.251052303355353,0.9439170605208331,0.0039938765229250005,transxion,lightgbm,0.009615834548976,0.306826898491434,,1,0.36264921928471405,0.199401794616151,0.364745011086474,0.6796008869179601,0.728381374722838,1,1,902,5920,1820462,36.47780752182007,0.298555035160224,0.952985935173527,0.003569370957113,0.008897056054942001,0.32097367676195804,0.38581600413209605,779,0.20588235294117602,0.390243902439024,0.7560975609756091,0.793324775353016
adv_no_projection,0.251452191882698,0.9442260725483971,0.004094207782523,transxion,lightgbm,0.009974888465161001,0.306809678223996,,1,0.365815630009368,0.19794013517862802,0.36141906873614105,0.6929046563192901,0.7272727272727271,1,2,902,5920,1820462,35.816675901412964,0.304785706463131,0.946196028455979,0.003639524022808,0.009126631212738,0.314451505940867,0.38123069983095803,779,0.20035211267605602,0.396662387676508,0.745827984595635,0.7843388960205391
random_feasible,0.255924872485758,0.940621040355007,0.004091809849846,transxion,lightgbm,0.009179255333860001,0.30000000000000004,,1,0.35734898315989305,0.19367333763718503,0.375831485587583,0.677383592017738,0.73170731707317,1,0,902,5920,1820462,39.63485383987427,0.32750392206126805,0.9480877967692151,0.003639624993689,0.008481810098458002,0.310081743869209,0.37782525002624,779,0.196817710134901,0.406931964056482,0.7483953786906291,0.794608472400513
random_feasible,0.24919537580456402,0.935833804222418,0.004060281712564001,transxion,lightgbm,0.009214267288291,0.29289340101522804,,1,0.346957245090706,0.1899275839368,0.368070953436807,0.6607538802660751,0.710643015521064,1,1,902,5920,1820462,32.93578553199768,0.317176848604287,0.9466882931923271,0.003659832665398,0.008583086504136,0.30432402846195905,0.370170886916934,779,0.193391304347826,0.40821566110397906,0.7368421052631571,0.7779204107830551
random_feasible,0.254837612093671,0.9457461019275941,0.003885295724605,transxion,lightgbm,0.008618234822844,0.301013776969066,,1,0.353682004682623,0.19660441426146003,0.364745011086474,0.6707317073170731,0.71840354767184,1,2,902,5920,1820462,35.88859438896179,0.317095843853455,0.9492792478821641,0.0034718050938300003,0.007971113654872,0.321356711698764,0.38415355209127505,779,0.20703703703703702,0.39922978177150104,0.747111681643132,0.779204107830551
ours,0.24813844031356203,0.9434390423065341,0.004526799485091,transxion,lightgbm,0.010565967470506001,0.27824891129956403,,1,0.34186110708185,0.175382837330251,0.354767184035476,0.674057649667405,0.717294900221729,1,0,902,5920,1820462,39.8014497756958,0.308153050410617,0.9489336698605221,0.004065734766193,0.009750055511983,0.28514156852919004,0.35828256060977304,779,0.177148194271481,0.38767650834403006,0.7355584082156611,0.7766367137355581
ours,0.249051310882023,0.9338642676489721,0.004198740747687,transxion,lightgbm,0.009536584561242002,0.28433034633083004,,1,0.342412286629628,0.18190269600247902,0.370288248337028,0.666297117516629,0.709534368070953,1,1,902,5920,1820462,35.178014278411865,0.313757330347735,0.9505148435513381,0.0037671618496530005,0.008831492743579,0.298208640674394,0.367821088020857,779,0.187603579714948,0.394094993581514,0.739409499358151,0.788189987163029
ours,0.244940582924967,0.9465669616300931,0.004572880363234001,transxion,lightgbm,0.010581299002438,0.275482093663911,,1,0.338231140072468,0.173711638679791,0.34700665188470003,0.666297117516629,0.71840354767184,1,2,902,5920,1820462,34.31629800796509,0.30750816981996204,0.952377437462081,0.004125213298704001,0.009789276112512001,0.286001003512293,0.359199108714847,779,0.177736202057998,0.404364569961489,0.740693196405648,0.7779204107830551
none,0.24369132361995302,0.9352837442299681,0.004911559838361001,transxion,xgboost,0.014101266503445,0.25280646609788904,,1,0.312730570396809,0.158502252252252,0.37250554323725005,0.625277161862527,0.6818181818181811,1,0,902,2960,1817502,33.469154834747314,0.29818253396257,0.9404551240734761,0.00448751387833,0.013295303973602,0.27074235807860203,0.34428626029157405,779,0.16691594376308702,0.403080872913992,0.72400513478819,0.761232349165596
none,0.255943483220455,0.9344531978914551,0.004943021033857,transxion,xgboost,0.014648009584981001,0.25816625366073404,,1,0.31902083877285203,0.162001696352841,0.375831485587583,0.6374722838137471,0.6818181818181811,1,1,902,2960,1817502,33.793346881866455,0.30678485132301203,0.939310960697416,0.004541150100685,0.013786653583265002,0.268398268398268,0.342428931093111,779,0.165137614678899,0.414634146341463,0.718870346598202,0.7573812580231061
none,0.24918816030589502,0.9327645517702571,0.004880042363902001,transxion,xgboost,0.014113812036505,0.25672594619243,,1,0.31580722241217,0.16159586681974702,0.371396895787139,0.6274944567627491,0.684035476718403,1,2,902,2960,1817502,33.65549826622009,0.305487650969055,0.9369917908883381,0.004484043500097,0.013368395636821,0.272660996354799,0.346518199371802,779,0.168165467625899,0.41976893453145003,0.725288831835686,0.766367137355584
random_graph,0.23150337204429003,0.9330129286269081,0.005127116230507001,transxion,xgboost,0.015681673779266003,0.258647976486547,,1,0.31919084035023204,0.16245384833854,0.362527716186252,0.635254988913525,0.687361419068736,1,0,902,5920,1820462,35.30434226989746,0.27875374038868,0.937979243953983,0.004688856512779001,0.014866228818053,0.273035887487875,0.34729031958907003,779,0.168310911808669,0.38125802310654605,0.7291399229781771,0.7689345314505771
random_graph,0.23844167701187102,0.931689742944188,0.005166973522622,transxion,xgboost,0.016039121738311003,0.260637112942748,,1,0.3234573467779,0.16308893225536603,0.36141906873614105,0.6485587583148551,0.696230598669623,1,1,902,5920,1820462,32.50297451019287,0.28099160393057604,0.9339654754436281,0.00473113797145,0.015089010921901002,0.275431861804222,0.351799523095751,779,0.16937149601652401,0.39152759948652105,0.7368421052631571,0.76765083440308
random_graph,0.240860220142555,0.9382586511748511,0.005361227087709,transxion,xgboost,0.016176857495105,0.24629707998307201,,1,0.31152284646188505,0.152196652719665,0.360310421286031,0.6452328159645231,0.695121951219512,1,2,902,5920,1820462,36.951987981796265,0.28943673084508903,0.9386102647878821,0.004899068954353001,0.015260260078744,0.26150675520952604,0.340006448715923,779,0.159141583054626,0.38896020539152704,0.732991014120667,0.7650834403080871
adv_no_projection,0.24416724359701603,0.928248065865327,0.006438698725693,transxion,xgboost,0.021492262313497,0.222476626597977,,1,0.29269519314463904,0.134362756395482,0.376940133037694,0.62860310421286,0.6796008869179601,1,0,902,5920,1820462,30.978485345840454,0.294495273750325,0.932955643525717,0.0059137014065220005,0.020302406095218002,0.237132735986663,0.31988379267535605,779,0.14154228855721301,0.386392811296534,0.718870346598202,0.7637997432605901
adv_no_projection,0.238113286499983,0.931928417587035,0.00657254093123,transxion,xgboost,0.022185902456459003,0.218439173680183,,1,0.287040135777058,0.131992602866389,0.35033259423503305,0.624168514412416,0.6707317073170731,1,1,902,5920,1820462,30.479252338409424,0.292698350795827,0.9364060995356731,0.005979394069357,0.020694533383675003,0.23627984918307401,0.318049246872359,779,0.14117647058823501,0.39537869062901104,0.712451861360718,0.753530166880616
adv_no_projection,0.231315866315211,0.9294031021397311,0.0067710348912770005,transxion,xgboost,0.022872739571865003,0.21351652432231702,,1,0.283855037506318,0.12823371989295201,0.365853658536585,0.614190687361419,0.665188470066518,1,2,902,5920,1820462,30.295183181762695,0.27953213124797704,0.9339964362505201,0.006207341441862001,0.021486715695631,0.22670431625655502,0.30977147585958903,779,0.134481933476908,0.38382541720154,0.707317073170731,0.754813863928113
random_feasible,0.24889876756158702,0.9352735242837501,0.005111374475123,transxion,xgboost,0.015089765344229001,0.25416854438936404,,1,0.31400853019922903,0.15950226244343801,0.370288248337028,0.6263858093126381,0.6718403547671841,1,0,902,5920,1820462,33.008060693740845,0.294764147487362,0.937120598707706,0.004682916007534,0.014295555318883001,0.27232796486090705,0.34554117669274204,779,0.168122928592949,0.40949935815147603,0.7214377406931961,0.753530166880616
random_feasible,0.24475636478605303,0.935205711417264,0.005086323638951,transxion,xgboost,0.015016643623828001,0.24822064056939502,,1,0.308086512890884,0.155258764607679,0.353658536585365,0.618625277161862,0.672949002217294,1,1,902,5920,1820462,32.50763010978699,0.297608791190873,0.934926654361904,0.004696293771282001,0.014207444155936002,0.263767430867407,0.338751970653762,779,0.161645422943221,0.410783055198973,0.720154043645699,0.7573812580231061
random_feasible,0.24412879927150502,0.937289849205971,0.005011102974314,transxion,xgboost,0.015120653025563001,0.257506824385805,,1,0.317045211046031,0.16199198626216302,0.364745011086474,0.6308203991130821,0.68070953436807,1,2,902,5920,1820462,32.97170114517212,0.29693332641435,0.9404705100648131,0.004557548099042,0.014200951746189001,0.276064610866372,0.34992461649940604,779,0.170547323858482,0.39922978177150104,0.73170731707317,0.7599486521181
ours,0.22803674688389602,0.9204922262945371,0.007060599430333001,transxion,xgboost,0.020901602590603002,0.18949501773349,,1,0.261431105410995,0.11177525403466801,0.340354767184035,0.588691796008869,0.6485587583148551,1,0,902,5920,1820462,32.580607891082764,0.27560820264006003,0.9319115431946691,0.006454690498643001,0.019646452686298003,0.20483484037645303,0.290081622570216,779,0.11961206896551702,0.38767650834403006,0.6880616174582791,0.73170731707317
ours,0.227928255169726,0.9220254454796941,0.007208827440886001,transxion,xgboost,0.022304164179741,0.19275067750677502,,1,0.265668016472615,0.113754498200719,0.349223946784922,0.5831485587583141,0.646341463414634,1,1,902,5920,1820462,33.1284818649292,0.28766411510064405,0.9320364631446041,0.006627687162,0.020841024450397,0.20200913242009103,0.287272000720371,779,0.117759795570698,0.400513478818998,0.6829268292682921,0.7278562259306801
ours,0.227725390225215,0.9178111934312361,0.007206662791034,transxion,xgboost,0.022014541454966,0.18895250926237703,,1,0.260981234812776,0.111397934868943,0.348115299334811,0.579822616407982,0.639689578713968,1,2,902,5920,1820462,34.13670086860657,0.28464729683872203,0.9326578454569031,0.006605002585672001,0.020502385051565,0.19906407487401,0.28479101130787804,779,0.11576303119112401,0.40179717586649505,0.6893453145057761,0.73170731707317
none,0.009458397533802001,0.6824683685104741,0.307782706563743,transxion,topology_lr,0.32400494016637205,0.005640918982808001,,1,0.024136744016392,0.002833424213546,0.017738359201773,0.050997782705099005,0.09645232815964501,1,0,902,2960,1817502,40.940208196640015,0.008532319585994,0.7029650250130031,0.28229432661021103,0.29701279817631004,0.005269537974438,0.024668977938416003,779,0.0026461791618950002,0.019255455712451002,0.062901155327342,0.12451861360718801
none,0.061857998826763,0.7987843181084001,0.151484487073513,transxion,topology_lr,0.17656165529043003,0.011858081870015,,1,0.053236908547645005,0.005980129919755,0.119733924611973,0.41352549889135204,0.529933481152993,1,1,902,2960,1817502,41.50641322135925,0.04809684459416701,0.787377908302695,0.14449905557856302,0.167142390416973,0.010170846238385,0.047441595584549,779,0.0051253134093900005,0.09627727856225901,0.41976893453145003,0.45956354300385105
none,0.05265183186869601,0.7294073261031571,0.17102150991710402,transxion,topology_lr,0.205703850453779,0.009917663087168,,1,0.044576512175432,0.004996972823630001,0.12416851441241601,0.40798226164079804,0.431263858093126,1,2,902,2960,1817502,40.95450472831726,0.044619268202966,0.7498669706863871,0.16338629024179901,0.19310026158977803,0.009121579407722001,0.043769181298939,779,0.004592721749368,0.12066752246469802,0.369704749679075,0.38254172015404303
random_graph,0.056043333009868,0.7678784795851711,0.098737580084094,transxion,topology_lr,0.13190825631076802,0.014955216521953002,,1,0.05798602009526101,0.0075711353929770004,0.100886917960088,0.388026607538802,0.5166297117516631,1,0,902,5920,1820462,40.362632751464844,0.047035408375431007,0.7572459824438661,0.09067360195129401,0.12163003738860902,0.013015571139902002,0.051926156875527006,779,0.0065839909808340005,0.10911424903722701,0.41591784338896004,0.47753530166880603
random_graph,0.046197314497730006,0.77436595721235,0.11303450775745501,transxion,topology_lr,0.16224277374675503,0.013219077215644002,,1,0.054509164580534,0.006679400494510001,0.08980044345898,0.33924611973392405,0.464523281596452,1,1,902,5920,1820462,42.69235014915466,0.036218391719901,0.7877474595743521,0.10664368371231,0.153439170622235,0.011702966394008,0.050455660802766006,779,0.005908180653506,0.057766367137355,0.33761232349165604,0.417201540436457
random_graph,0.05748996690915101,0.778495478914981,0.131893466110847,transxion,topology_lr,0.16987024238533202,0.012710524881452,,1,0.05369317969433401,0.006418372177512,0.108647450110864,0.41130820399113005,0.495565410199556,1,2,902,5920,1820462,40.091973304748535,0.047885281140134,0.7806729417197551,0.125596930139344,0.16000951817314701,0.01116208998151,0.04959992738842801,779,0.0056311104457670005,0.110397946084724,0.40821566110397906,0.433889602053915
adv_no_projection,0.04908985449348301,0.7031154492114731,0.104650789871206,transxion,topology_lr,0.140980937836266,0.013162599149860002,,1,0.05027268528900301,0.006660859076593001,0.10421286031042101,0.40022172949002205,0.42350332594235,1,0,902,5920,1820462,42.891841173172,0.042845449539862,0.705565032657201,0.099205977039014,0.13252423178691702,0.011976215069372001,0.048425919904479,779,0.006053935057787001,0.08600770218228401,0.37869062901155304,0.396662387676508
adv_no_projection,0.043456047494338006,0.7443982269147461,0.156112884273127,transxion,topology_lr,0.21870559446707302,0.009473295107756,,1,0.041331153703109004,0.00477366255144,0.09090909090909001,0.353658536585365,0.425720620842572,1,1,902,5920,1820462,42.096944093704224,0.037568860536219,0.7341709840846751,0.148720692849014,0.20783769161787902,0.008186722329149,0.037259379692087,779,0.004122379149679,0.082156611039794,0.36842105263157804,0.38510911424903704
adv_no_projection,0.049107884225288,0.7362195612376681,0.19323348045160701,transxion,topology_lr,0.22595470848770302,0.008546054149823,,1,0.038774254124276,0.004301913377151001,0.10753880266075301,0.36917960088691804,0.458980044345898,1,2,902,5920,1820462,42.04218363761902,0.041052698116219005,0.7441472379541261,0.175901100988842,0.20549780899372103,0.007875756260898,0.037394578190522006,779,0.003963153384747,0.10141206675224601,0.386392811296534,0.42233632862644405
random_feasible,0.064506622896778,0.7490505337331861,0.08377093349992801,transxion,topology_lr,0.124636611463089,0.016798279353815,,1,0.062009308164557006,0.008519786607213,0.12527716186252702,0.46119733924611905,0.492239467849223,1,0,902,5920,1820462,40.27741026878357,0.053468335701465,0.7425179851620021,0.07616113528585,0.113283374283553,0.014771709937332001,0.055924942395773,779,0.007486257743652001,0.10783055198973,0.433889602053915,0.43645699614890804
random_feasible,0.052215184446405,0.767782831041624,0.11857740474668702,transxion,topology_lr,0.17289998623924202,0.012483437544485,,1,0.052306572505014005,0.0063039847819590005,0.114190687361419,0.38913525498891305,0.481152993348115,1,1,902,5920,1820462,41.51782774925232,0.04283639012579701,0.780904630096061,0.11085212222445301,0.16196595099031802,0.011395007342143,0.050101454365021,779,0.005750124487231,0.10654685494223301,0.37869062901155304,0.42875481386392805
random_feasible,0.06089732078875801,0.7937488608970551,0.183804881978358,transxion,topology_lr,0.22874236466918002,0.00979793686976,,1,0.046354412920338005,0.004933353045995,0.095343680709534,0.42793791574279305,0.5088691796008871,1,2,902,5920,1820462,41.27941966056824,0.052674096300657,0.797932911582773,0.17237829764527102,0.21191269719458702,0.008932714617169001,0.044489149662663006,779,0.004495375351331,0.102695763799743,0.44544287548138606,0.47240051347881906
ours,0.10153184059532201,0.7492669110612901,0.112246401593473,transxion,topology_lr,0.153804221419915,0.012582890081308001,,1,0.050831605509707,0.006358641595225,0.19290465631929002,0.49667405764966704,0.502217294900221,1,0,902,5920,1820462,41.208330154418945,0.097071817480227,0.766007576794517,0.10060281050922601,0.13715126544976602,0.012071222833202002,0.050703855812754,779,0.006097802939114,0.206675224646983,0.46598202824133506,0.471116816431322
ours,0.06411296874839201,0.7945321497204281,0.14673062967164702,transxion,topology_lr,0.19745250085797,0.011534800380760001,,1,0.051760657025127006,0.005816361103790001,0.108647450110864,0.44124168514412404,0.5266075388026601,1,1,902,5920,1820462,41.96792912483215,0.051926453390076004,0.8028140939966321,0.138416712362345,0.18495854485836702,0.010406793048973,0.049254788890875006,779,0.005243728918120001,0.094993581514762,0.42875481386392805,0.458279845956354
ours,0.023743433824318,0.7436007760480831,0.24226019075965502,transxion,topology_lr,0.283448345509115,0.0072661439283660005,,1,0.033998908843693006,0.003653226401633,0.036585365853658,0.15410199556541002,0.312638580931263,1,2,902,5920,1820462,41.57157802581787,0.020827240249883,0.7595854667685341,0.22968656135301602,0.264156862754008,0.006664014971211001,0.033404740430245,779,0.0033490188882040004,0.033376123234916004,0.16046213093709802,0.356867779204107
none,0.11733372263152,0.9072269138736491,0.013372581757905,transxion,graphsage_lite,0.038473094480045,0.134403424291064,,1,0.22474898068315602,0.074381144143077,0.14745011086474502,0.598669623059866,0.672949002217294,1,0,902,2960,1817502,64.07102417945862,0.126116241994631,0.931297597161967,0.017565822243987003,0.052475460142868004,0.095766375723957,0.193317488783905,779,0.051132404181184005,0.138639281129653,0.6290115532734271,0.7227214377406931
none,0.11262701778669501,0.916007661112865,0.015195413264296001,transxion,graphsage_lite,0.039514239948668005,0.11260293591120601,,1,0.20352157678337102,0.06124634858812,0.13082039911308202,0.617516629711751,0.6640798226164081,1,1,902,2960,1817502,60.027771949768066,0.121253892322164,0.92986292030083,0.022240622572462003,0.057868030061164005,0.072562912289274,0.166948319411437,779,0.038094016545885005,0.13350449293966601,0.631578947368421,0.690629011553273
none,0.11162352156319401,0.922118604325951,0.030029567478019003,transxion,graphsage_lite,0.08541429354118,0.06509388541165101,,1,0.15538109905073302,0.034024562109925,0.129711751662971,0.6197339246119731,0.674057649667405,1,2,902,2960,1817502,57.83404350280762,0.12348197535786201,0.9364682396763621,0.032621512134004,0.088362253877727,0.052569203419961005,0.14305012256508,779,0.027180811485096,0.130937098844672,0.6534017971758661,0.713735558408215
random_graph,0.15020450892494902,0.928562251551668,0.018303426331791002,transxion,graphsage_lite,0.045315141671114,0.094186377885437,,1,0.18855618839451602,0.05032739454850001,0.184035476718403,0.6263858093126381,0.699556541019955,1,0,902,5920,1820462,58.51473021507263,0.158547732397079,0.9357624349048391,0.026249254451057,0.06252728858706601,0.058460508061043005,0.150396206326413,779,0.030361757105943004,0.22464698331193803,0.644415917843388,0.7008985879332471
random_graph,0.132738139338372,0.9296115173847471,0.016779312255919002,transxion,graphsage_lite,0.048607526694668,0.112068965517241,,1,0.208010101053295,0.06065873741994501,0.146341463414634,0.635254988913525,0.695121951219512,1,1,902,5920,1820462,54.72827911376953,0.141663195731265,0.9406808453923321,0.025463071018762003,0.06597779129190101,0.065653882927865,0.16115434343867202,779,0.034243918656840004,0.16174582798459503,0.631578947368421,0.7086007702182281
random_graph,0.103797029099848,0.9336503039618911,0.013026165723434001,transxion,graphsage_lite,0.036439668156881,0.139117265253137,,1,0.231652033782616,0.07707983696955101,0.145232815964523,0.5487804878048781,0.6973392461197341,1,2,902,5920,1820462,60.85139799118042,0.09743974627760901,0.936753898893902,0.017020085854694,0.048594013611431,0.10193765796124601,0.20297053592494702,779,0.054548733207104,0.12195121951219501,0.564826700898587,0.7278562259306801
adv_no_projection,0.13471830871426502,0.9167771828357301,0.015370859518180001,transxion,graphsage_lite,0.039920062066227,0.11297220242337801,,1,0.204645549629967,0.061422204999031005,0.16962305986696202,0.617516629711751,0.669623059866962,1,0,902,5920,1820462,63.53600573539734,0.130914490994231,0.932722092366675,0.024747946704621,0.060132979292428,0.062097370366458,0.152529099988577,779,0.032380637700313006,0.159178433889602,0.617458279845956,0.6739409499358151
adv_no_projection,0.12484881412915201,0.921924391443208,0.021205510603486,transxion,graphsage_lite,0.052211521311125005,0.081925307064031,,1,0.17402082678946101,0.043403580630243,0.15410199556541002,0.618625277161862,0.6751662971175161,1,1,902,5920,1820462,64.59590697288513,0.128829884138619,0.931910786836987,0.032660016631716006,0.07528075656228901,0.046922183507549,0.13274554695311702,779,0.024190651071813,0.163029525032092,0.6213093709884461,0.677792041078305
adv_no_projection,0.10814542673407301,0.9256463285320161,0.016042660605003003,transxion,graphsage_lite,0.045423641842489,0.12197144173192001,,1,0.217954759459137,0.06651260926353801,0.13192904656319202,0.550997782705099,0.7017738359201771,1,2,902,5920,1820462,61.581692934036255,0.110746760826228,0.9302350875304741,0.022617927772702003,0.05838903766748701,0.073467880876199,0.168498381973121,779,0.038583338719059,0.130937098844672,0.562259306803594,0.693196405648267
random_feasible,0.130001562102732,0.904581243508735,0.014983200092055001,transxion,graphsage_lite,0.03289321783779,0.112107233005483,,1,0.20525127750608402,0.060829318976102005,0.16518847006651802,0.57760532150776,0.6829268292682921,1,0,902,5920,1820462,63.431419372558594,0.14865460330263403,0.9293729702523671,0.021940441448767,0.05020409007346201,0.070155061269527,0.165233719397709,779,0.036739659367396,0.19640564826700901,0.612323491655969,0.7086007702182281
random_feasible,0.126423476696368,0.8988858983076331,0.011616393335055,transxion,graphsage_lite,0.028601406103339003,0.137724550898203,,1,0.226743897352385,0.07651552488910701,0.146341463414634,0.6263858093126381,0.6796008869179601,1,1,902,5920,1820462,63.551629066467285,0.145488604192059,0.9318644442819991,0.017816640944014,0.043771972239610005,0.08528237307472901,0.18299440026184102,779,0.045149112872782005,0.17586649550706002,0.658536585365853,0.726572528883183
random_feasible,0.11997882880584201,0.9175926205511611,0.010379737303323,transxion,graphsage_lite,0.029149735333744,0.158235070368961,,1,0.24605988339232301,0.089334287759484,0.14190687361419002,0.6452328159645231,0.6906873614190681,1,2,902,5920,1820462,57.428866147994995,0.133873545547224,0.936227853717114,0.014872793092739001,0.041462098244518006,0.106347092765201,0.20679329598611002,779,0.057123784093076,0.137355584082156,0.679075738125802,0.7419768934531451
ours,0.12024406698249901,0.8938321866760771,0.013619497397874,transxion,graphsage_lite,0.028397713266891004,0.110521909014792,,1,0.196137063425687,0.060322940997258004,0.162971175166297,0.5931263858093121,0.635254988913525,1,0,902,5920,1820462,60.967034101486206,0.13652112104361902,0.924896763806436,0.020909380592285,0.044517492691474,0.06846260471283,0.158215464871153,779,0.035917541418995,0.183568677792041,0.5994865211810011,0.6623876765083441
ours,0.108317930783316,0.9053438670198961,0.027130266802502002,transxion,graphsage_lite,0.051136192315370005,0.056939501779359004,,1,0.141280161888957,0.029644540006404003,0.14301552106430102,0.606430155210643,0.6563192904656321,1,1,902,5920,1820462,64.35455465316772,0.11426500492827701,0.9260560352415581,0.033683290311102,0.06397415462913701,0.042183006071796,0.12389501474815401,779,0.021691498685363002,0.15532734274711102,0.6136071887034661,0.672657252888318
ours,0.11557078214015701,0.9207847689332931,0.017037639675901002,transxion,graphsage_lite,0.037768154655006006,0.09447415329768201,,1,0.18545345474577501,0.050628880751472004,0.145232815964523,0.6274944567627491,0.6751662971175161,1,2,902,5920,1820462,60.840664863586426,0.11860818883461301,0.9306218939410641,0.025991208923267003,0.054993306949455006,0.05748065554861301,0.147426515741393,779,0.029858198522069,0.142490372272143,0.622593068035943,0.6739409499358151
none,0.10511640705321801,0.9918054047995961,0.018986162853612,amlnet,logistic,0.019054268627500003,0.16368389302232,,1,0.294662509073903,0.089195704580319,0.11219512195121902,0.20487804878048702,0.524390243902439,1,0,410,945,654103,7.682334661483765,0.158570416314939,0.9942665545569821,0.011404538733902,0.011480529368935,0.23048555623847503,0.35261329321585905,390,0.13093575418994402,0.192307692307692,0.6358974358974351,0.9564102564102561
none,0.080977257918963,0.989258945657808,0.023656057715955,amlnet,logistic,0.023723318651593002,0.136227045075125,,1,0.26648594210674004,0.073118279569892,0.036585365853658,0.11219512195121902,0.39512195121951205,1,1,410,945,654103,6.371899127960205,0.12319420053221301,0.9916168676299891,0.014395372692074,0.014444873520395002,0.19391148631363503,0.32103023114740803,390,0.107701051435066,0.14615384615384602,0.551282051282051,0.81025641025641
none,0.09935056301879401,0.9912913800591191,0.020478645730023,amlnet,logistic,0.020569741251158003,0.15352697095435602,,1,0.284358963617317,0.083197056418642,0.117073170731707,0.217073170731707,0.468292682926829,1,2,410,945,654103,6.455437183380127,0.147492768061206,0.9936031387883951,0.012785274187769001,0.012871700939235,0.210289569862243,0.33415875354024505,390,0.11809283233343801,0.105128205128205,0.461538461538461,0.9538461538461531
random_graph,0.051581440961914006,0.982664675473865,0.041980689995420005,amlnet,logistic,0.042172246089877005,0.081677483774338,,1,0.201678443962647,0.042581988547631004,0.039024390243902,0.139024390243902,0.217073170731707,1,0,410,1890,655048,6.605256795883179,0.06306267016476,0.9864536959673971,0.033569441621748006,0.033733160819251005,0.09489858635525501,0.218229487959849,390,0.049838605551969006,0.08974358974358901,0.17948717948717902,0.33333333333333304
random_graph,0.043317485472794,0.97919586444572,0.050200719880007,amlnet,logistic,0.050415095241201004,0.06945032607775001,,1,0.184819315323683,0.035974379222602,0.026829268292682003,0.063414634146341,0.14878048780487801,1,1,410,1890,655048,11.332002639770508,0.060091771800313006,0.985796359286324,0.036513761627039,0.036726129931017,0.087689329233572,0.20876735580324002,390,0.045882493147419004,0.14358974358974302,0.256410256410256,0.34871794871794803
random_graph,0.043826830571886,0.97944859276278,0.045784039360149006,amlnet,logistic,0.045911420615231006,0.07570861416305001,,1,0.19373636915102402,0.039343633048651,0.026829268292682003,0.029268292682926002,0.060975609756097005,1,2,410,1890,655048,6.824759483337402,0.05847436955210301,0.9854054774934741,0.033936633919475004,0.034077344761707005,0.09404312340114501,0.21715531731946103,390,0.049366926716971,0.064102564102564,0.197435897435897,0.33076923076923004
adv_no_projection,0.05652054039150801,0.984275703618609,0.041238686643525,amlnet,logistic,0.041494867400895,0.083113723900263,,1,0.20385393309496402,0.043358714043993,0.06829268292682901,0.092682926829268,0.20487804878048702,1,0,410,1890,655048,9.519365787506104,0.08302384138168101,0.9899956598142621,0.029931183270972002,0.030205493075679,0.10540613963596801,0.23167461662527802,390,0.055651176133103004,0.15128205128205102,0.384615384615384,0.6051282051282051
adv_no_projection,0.031829826876795,0.971347501435956,0.06534670807239301,amlnet,logistic,0.065571809759466,0.05422204589036501,,1,0.161353765640027,0.027866512607897003,0.012195121951219001,0.039024390243902,0.11219512195121902,1,1,410,1890,655048,5.732115745544434,0.038522193636096005,0.9776320563950821,0.053966712118932,0.054227472392366007,0.061870389466169004,0.173746989705646,390,0.031922730621265,0.043589743589743005,0.138461538461538,0.253846153846153
adv_no_projection,0.116213151927437,0.99283630097645,0.020494863737961,amlnet,logistic,0.020669426024185002,0.153817295066591,,1,0.285638565969265,0.083316399105872,0.097560975609756,0.20487804878048702,0.460975609756097,1,2,410,1890,655048,3.435770750045776,0.20480653530792,0.9963210151699151,0.010724974990066001,0.010833843642589,0.246496815286624,0.371622358551818,390,0.140727272727272,0.28717948717948705,0.766666666666666,0.9897435897435891
random_feasible,0.109715742840087,0.9922792900071441,0.020420837465398002,amlnet,logistic,0.02055886195832,0.15396226415094302,,1,0.285133433424677,0.083435582822085,0.114634146341463,0.27317073170731704,0.5268292682926831,1,0,410,1890,655048,4.693544149398804,0.18196369828441902,0.9948992980303281,0.011709382778255001,0.011820917853010001,0.22475961538461503,0.347138169788683,390,0.12729748127978202,0.18717948717948701,0.784615384615384,0.9538461538461531
random_feasible,0.043487300530665005,0.979256799428419,0.048567555156989003,amlnet,logistic,0.048746620414959,0.071447287972748,,1,0.187472023123283,0.037050457468973,0.051219512195121004,0.053658536585365006,0.11219512195121902,1,1,410,1890,655048,10.297429323196411,0.058449858065921005,0.9853674360717971,0.036213188828159,0.036394688355207004,0.08855242027988,0.21015414446830102,390,0.046349663784822005,0.020512820512820003,0.15128205128205102,0.256410256410256
random_feasible,0.08557824164578001,0.9898292823020131,0.024796916854711002,amlnet,logistic,0.024927898997129,0.13024000000000002,,1,0.259669610694548,0.069691780821917,0.041463414634146004,0.168292682926829,0.31463414634146303,1,2,410,1890,655048,9.723552465438843,0.124689875972116,0.9932073736975311,0.01701296132465,0.017146708701402003,0.17025049878075801,0.300200979740652,390,0.093181266682843,0.13076923076923,0.443589743589743,0.864102564102564
ours,0.064822134387351,0.9864101091326821,0.03536679435776,amlnet,logistic,0.035582498364954,0.095637975274084,,1,0.220070714873695,0.050220480156785006,0.0,0.095121951219512,0.2,1,0,410,1890,655048,9.839816570281982,0.09415183493236601,0.9911476999136201,0.025256848014107002,0.025489756782026002,0.12167060677698902,0.24995579771214202,390,0.064819479429051,0.041025641025641005,0.23846153846153803,0.5820512820512821
ours,0.08401421743038101,0.989570457124444,0.028025537654971,amlnet,logistic,0.028223111124359,0.11700602236879801,,1,0.24512571906100403,0.06215722120658101,0.034146341463414005,0.12195121951219501,0.417073170731707,1,1,410,1890,655048,8.630011558532715,0.12118047137497301,0.993044593170027,0.020360095287496,0.020565797793141,0.146090926383869,0.275740096686507,390,0.078898705568111,0.128205128205128,0.533333333333333,0.794871794871794
ours,0.040964609982208,0.9779280985136101,0.048182435853843006,amlnet,logistic,0.048310306454174,0.07204509423991501,,1,0.188327369255805,0.037372076023391,0.021951219512195003,0.073170731707317,0.12195121951219501,1,2,410,1890,655048,7.339529275894165,0.04749590182404,0.9818616993452961,0.040058104786567,0.040188805379892,0.08098185251232501,0.20017052572065103,390,0.042218090342338005,0.017948717948717,0.07179487179487101,0.17179487179487102
none,0.963845431486642,0.9961259999159441,0.00024325886475,amlnet,random_forest,0.00039538585598900006,0.9286577992744861,,1,0.9285556427838991,0.920863309352518,0.9292682926829261,0.990243902439024,0.9926829268292681,1,0,410,945,654103,26.88047432899475,0.94997962136734,0.991876271483566,0.000271571799799,0.00026659504395700005,0.9040735873850191,0.9041888410897571,390,0.927223719676549,0.897435897435897,0.9743589743589741,0.9794871794871791
none,0.958170467613713,0.9960844370350651,0.000251586291511,amlnet,random_forest,0.00038547707181600004,0.9292682926829261,,1,0.9291350359339321,0.9292682926829261,0.9292682926829261,0.98780487804878,0.990243902439024,1,1,410,945,654103,26.213459491729736,0.95126512739373,0.9918890481704061,0.00026796006384300004,0.00026541939742800004,0.9031413612565441,0.9031702154189901,390,0.922459893048128,0.905128205128205,0.9743589743589741,0.9769230769230761
none,0.963976914542859,0.9960848517112391,0.000233098684444,amlnet,random_forest,0.00041577700362900003,0.9343065693430651,,1,0.934185278493154,0.9320388349514561,0.934146341463414,0.9853658536585361,0.990243902439024,1,2,410,945,654103,27.939807415008545,0.95076643445701,0.989329622733713,0.00026442985615500003,0.000271274717934,0.9047619047619041,0.9050544344351641,390,0.9344262295081961,0.9,0.9743589743589741,0.9743589743589741
random_graph,0.955640332116882,0.9960486291870381,0.00027221590558200004,amlnet,random_forest,0.00048085499239400005,0.9170616113744071,,1,0.9172732767339591,0.891705069124423,0.917073170731707,0.98780487804878,0.9926829268292681,1,0,410,1890,655048,27.717965364456177,0.9530647296978201,0.9929549855350701,0.000277541829707,0.00044967085463900003,0.9104859335038361,0.910328108703737,390,0.9081632653061221,0.907692307692307,0.9769230769230761,0.9794871794871791
random_graph,0.9573059353199511,0.9995675824098851,0.00026630141334100003,amlnet,random_forest,0.000492331643181,0.9276393831553971,,1,0.92784607348293,0.9030023094688221,0.9268292682926831,0.98780487804878,0.9926829268292681,1,1,410,1890,655048,27.53054928779602,0.951925362888385,0.994190029919478,0.00027736197962900005,0.00040569663894600004,0.8997429305912591,0.8995667239118311,390,0.9020618556701031,0.9,0.9743589743589741,0.9769230769230761
random_graph,0.9549263039899001,0.9985115086647701,0.000269527801628,amlnet,random_forest,0.0005978318630130001,0.9296781883194281,,1,0.9297820636736881,0.9090909090909091,0.9317073170731701,0.990243902439024,0.9926829268292681,1,2,410,1890,655048,28.26097583770752,0.9525690956596791,0.9928948956399741,0.000276540186971,0.0004965009562950001,0.900255754475703,0.900079517436126,390,0.897959183673469,0.902564102564102,0.9743589743589741,0.9794871794871791
adv_no_projection,0.961964592029739,0.9972434793572521,0.000253660289049,amlnet,random_forest,0.000502048363258,0.9287410926365791,,1,0.9289216909675111,0.9050925925925921,0.939024390243902,0.98780487804878,0.990243902439024,1,0,410,1890,655048,28.437231302261353,0.9554357974562021,0.998219492994676,0.000271908528293,0.00045308442396400006,0.903553299492385,0.903425444698414,390,0.8944723618090451,0.905128205128205,0.9717948717948711,0.9820512820512821
adv_no_projection,0.9519286913942,0.9956832210252021,0.000292560136327,amlnet,random_forest,0.003913939479440001,0.923076923076923,,1,0.923333470376511,0.896551724137931,0.919512195121951,0.9853658536585361,0.98780487804878,1,1,410,1890,655048,26.84695315361023,0.9527217692983241,0.9884664571030841,0.000295483726513,0.0030552822000750003,0.8982188295165391,0.8980613120684651,390,0.8914141414141411,0.9,0.9769230769230761,0.9846153846153841
adv_no_projection,0.960424454144959,0.9983194911811261,0.000280304860272,amlnet,random_forest,0.0008081701427460001,0.9219858156028361,,1,0.9222716568621501,0.8944954128440361,0.919512195121951,0.9926829268292681,0.9926829268292681,1,2,410,1890,655048,28.576759576797485,0.9530389445411,0.99341306127296,0.00028686740867800003,0.0006557056885970001,0.8993630573248401,0.8991998796999351,390,0.893670886075949,0.9,0.9743589743589741,0.9769230769230761
random_feasible,0.9535012966325611,0.9970873089477591,0.00027240448491000003,amlnet,random_forest,0.000589628796352,0.9247572815533981,,1,0.9246257724464231,0.9202898550724631,0.9243902439024391,0.98780487804878,0.98780487804878,1,0,410,1890,655048,26.81927180290222,0.94959667666334,0.9941548689956641,0.000281318954279,0.000453120420458,0.897269180754226,0.8971798499725081,390,0.9102902374670181,0.897435897435897,0.9743589743589741,0.9820512820512821
random_feasible,0.9617603793420391,0.9984999369580141,0.00025265851361900004,amlnet,random_forest,0.000511478740375,0.9298454221165281,,1,0.9300010470107931,0.907192575406032,0.9317073170731701,0.98780487804878,0.990243902439024,1,1,410,1890,655048,27.02942681312561,0.950619410885825,0.990392173009888,0.000281671404185,0.00044963539287400003,0.898326898326898,0.8981521317311151,390,0.9018087855297151,0.9,0.9717948717948711,0.9769230769230761
random_feasible,0.9560016448081371,0.998537806979448,0.000264801394489,amlnet,random_forest,0.00046590591249000003,0.9295101553166071,,1,0.929567142918826,0.911007025761124,0.9292682926829261,0.990243902439024,0.9926829268292681,1,2,410,1890,655048,27.952310800552368,0.951611807410454,0.9931083234489251,0.000274210200941,0.00037362082632600005,0.9055627425614481,0.9054323114121821,390,0.9138381201044381,0.902564102564102,0.9743589743589741,0.9769230769230761
ours,0.9605045844453011,0.9994224849749931,0.00025388940809000003,amlnet,random_forest,0.000508879180543,0.934131736526946,,1,0.9341567297145831,0.917647058823529,0.936585365853658,0.990243902439024,0.9926829268292681,1,0,410,1890,655048,26.993317127227783,0.952281352950851,0.9957061614143821,0.00027389997307400004,0.00038940712715900005,0.90721649484536,0.9070631865935781,390,0.9119170984455951,0.902564102564102,0.9769230769230761,0.9794871794871791
ours,0.9550001068241891,0.9975448928986701,0.00027192284987100003,amlnet,random_forest,0.0019647293059940002,0.9234449760765551,,1,0.923467777851915,0.9061032863849761,0.9243902439024391,0.9853658536585361,0.98780487804878,1,1,410,1890,655048,26.695303440093994,0.9477379004245121,0.9957272497218461,0.00028714776602700005,0.001607863593329,0.9043927648578811,0.904250041499111,390,0.911458333333333,0.9,0.9717948717948711,0.9794871794871791
ours,0.955914289990995,0.996094434093105,0.00026759086293900005,amlnet,random_forest,0.00047636446809900005,0.922705314009661,,1,0.922601511047174,0.9138755980861241,0.919512195121951,0.990243902439024,0.990243902439024,1,2,410,1890,655048,26.710731506347656,0.950940645360935,0.994364061471355,0.00027792994962000004,0.00038263559725800004,0.9018087855297151,0.901661389794364,390,0.9088541666666661,0.902564102564102,0.9743589743589741,0.9794871794871791
none,0.9702954784636281,0.9991778540507971,0.00020134872701100002,amlnet,lightgbm,0.00020904195099200003,0.9444444444444441,,1,0.94438301447562,0.935406698564593,0.951219512195121,0.9829268292682921,0.98780487804878,1,0,410,945,654103,8.513887882232666,0.943196674960123,0.99775307029263,0.00028755948632200003,0.00029117476487,0.911290322580645,0.912211226898282,390,0.957627118644067,0.889743589743589,0.9641025641025641,0.9692307692307691
none,0.9700072104447851,0.9989459716170971,0.000193513833957,amlnet,lightgbm,0.00020496029816600002,0.9478787878787871,,1,0.9477974695412581,0.9421686746987951,0.9487804878048781,0.9780487804878041,0.98780487804878,1,1,410,945,654103,9.762789487838745,0.945851398566469,0.9975575734356121,0.00028754065548300005,0.000284639885771,0.9132176234979971,0.9138543134041601,390,0.952646239554317,0.892307692307692,0.9641025641025641,0.9692307692307691
none,0.9710373583898341,0.9992738123590311,0.000222300116377,amlnet,lightgbm,0.00023300028316100002,0.9363745498199281,,1,0.936367278960583,0.9219858156028361,0.951219512195121,0.9853658536585361,0.9853658536585361,1,2,410,945,654103,10.760653972625732,0.946932453638973,0.997658455657297,0.000276094447742,0.000280462203064,0.915119363395225,0.915518869893677,390,0.9478021978021971,0.892307692307692,0.9666666666666661,0.9692307692307691
random_graph,0.973098517003497,0.9993840713915461,0.00022418693578300002,amlnet,lightgbm,0.00023837590496100002,0.934131736526946,,1,0.9341567297145831,0.917647058823529,0.9487804878048781,0.9853658536585361,0.990243902439024,1,0,410,1890,655048,10.81654953956604,0.945524276891864,0.9979129526505051,0.000291546418083,0.00029292319133100003,0.9078947368421051,0.908049617250393,390,0.9324324324324321,0.9,0.9666666666666661,0.9743589743589741
random_graph,0.9717766651067391,0.9992723890110811,0.00020830232845700001,amlnet,lightgbm,0.00022229741303500002,0.938628158844765,,1,0.938593550408206,0.9263657957244651,0.951219512195121,0.9853658536585361,0.990243902439024,1,1,410,1890,655048,9.5117506980896,0.9443080205242471,0.9983545583024541,0.00031456579717400004,0.000326083092463,0.9018567639257291,0.9022253927507401,390,0.9340659340659341,0.887179487179487,0.9666666666666661,0.9717948717948711
random_graph,0.9739194644454251,0.999559221641613,0.00020803830598700002,amlnet,lightgbm,0.00022097888466200003,0.9387755102040811,,1,0.9387731275392001,0.9243498817966901,0.951219512195121,0.9853658536585361,0.98780487804878,1,2,410,1890,655048,10.404433012008667,0.9458748902916421,0.9979063316288321,0.00029451853889200005,0.00029761121585200005,0.906208718626155,0.9064657138827451,390,0.9346049046321521,0.9,0.9692307692307691,0.9769230769230761
adv_no_projection,0.9727969777292611,0.9977540802174241,0.000245973132068,amlnet,lightgbm,0.00026212991654000003,0.9265402843601891,,1,0.9267741730122521,0.900921658986175,0.9487804878048781,0.9829268292682921,0.9853658536585361,1,0,410,1890,655048,11.082030534744263,0.948038626586267,0.9979553413266261,0.000298245299936,0.00028970485649600005,0.9035667107001321,0.9038178891082491,390,0.931880108991825,0.9,0.9666666666666661,0.9769230769230761
adv_no_projection,0.9727358660568061,0.9994911699191661,0.00021990982370500003,amlnet,lightgbm,0.000234972224711,0.9377990430622011,,1,0.9378520508858921,0.92018779342723,0.9487804878048781,0.98780487804878,0.98780487804878,1,1,410,1890,655048,9.303404569625854,0.94942216911381,0.998930728562145,0.000294710803622,0.00029519692466200003,0.906208718626155,0.9064657138827451,390,0.9346049046321521,0.894871794871794,0.9743589743589741,0.9794871794871791
adv_no_projection,0.9746855247314491,0.9994226026533671,0.000229872388945,amlnet,lightgbm,0.00024461953167500004,0.9318996415770611,,1,0.9319617183791601,0.9133489461358311,0.951219512195121,0.9853658536585361,0.98780487804878,1,2,410,1890,655048,9.389701128005981,0.9472591925784151,0.9982816917205181,0.00029319237090600004,0.000294532744375,0.9093298291721411,0.909455913692302,390,0.9326145552560641,0.894871794871794,0.9666666666666661,0.9769230769230761
random_feasible,0.974371042253065,0.9987885964052051,0.00019115326487200002,amlnet,lightgbm,0.000202358916243,0.946859903381642,,1,0.9468031815232251,0.9377990430622011,0.951219512195121,0.9853658536585361,0.9853658536585361,1,0,410,1890,655048,12.320782899856567,0.9468560273888541,0.9974329050168491,0.000294767580716,0.000294834087815,0.9059602649006621,0.906296054327081,390,0.936986301369863,0.897435897435897,0.9641025641025641,0.9769230769230761
random_feasible,0.9738341418892381,0.9991856208234681,0.000195758211637,amlnet,lightgbm,0.00020140395952700002,0.9467312348668281,,1,0.946655217629606,0.939903846153846,0.953658536585365,0.98780487804878,0.990243902439024,1,1,410,1890,655048,10.762517213821411,0.9439746249538251,0.9976289791515571,0.000294110413632,0.000297031702835,0.9088471849865951,0.9096397882722661,390,0.9522471910112361,0.889743589743589,0.9666666666666661,0.9743589743589741
random_feasible,0.9724785019988741,0.9992302825681901,0.00021163981802700002,amlnet,lightgbm,0.00022917420117400002,0.9397590361445781,,1,0.939712640387599,0.928571428571428,0.951219512195121,0.98780487804878,0.98780487804878,1,2,410,1890,655048,10.77648663520813,0.9452788677767391,0.9966672109570601,0.00027433912217000005,0.000265961141518,0.9144385026737961,0.9151324494049441,390,0.9553072625698321,0.894871794871794,0.9615384615384611,0.9769230769230761
ours,0.9728192760960861,0.99928321542147,0.000204603983539,amlnet,lightgbm,0.00021842896130700002,0.940892641737032,,1,0.9408357314235021,0.930787589498806,0.951219512195121,0.9853658536585361,0.98780487804878,1,0,410,1890,655048,12.051164627075195,0.949276600262661,0.998516820458155,0.000285003459475,0.000281928393904,0.9105473965287051,0.911177198151476,390,0.949860724233983,0.9,0.9666666666666661,0.9743589743589741
ours,0.9691699215550201,0.9990515795519811,0.00019857132473,amlnet,lightgbm,0.00020991959511600003,0.9421686746987951,,1,0.942127049351233,0.9309523809523811,0.953658536585365,0.9829268292682921,0.98780487804878,1,1,410,1890,655048,9.899364471435547,0.9441532042981811,0.9982269799328851,0.000288975627265,0.000291220688838,0.9105473965287051,0.911177198151476,390,0.949860724233983,0.889743589743589,0.9641025641025641,0.9717948717948711
ours,0.9707234846148671,0.9989833373026431,0.000202117049403,amlnet,lightgbm,0.000208976729751,0.9431680773881491,,1,0.9430940125138051,0.935251798561151,0.951219512195121,0.9829268292682921,0.98780487804878,1,2,410,1890,655048,9.97461462020874,0.9457615814860271,0.9976173040047991,0.000285139401142,0.00029317360213500004,0.915887850467289,0.9165314286568451,390,0.955431754874651,0.894871794871794,0.9666666666666661,0.9769230769230761
none,0.9740547161132911,0.9993133410851621,0.00024854008242800003,amlnet,xgboost,0.00027068768464300004,0.925619834710743,,1,0.92594763422945,0.8970251716247141,0.951219512195121,0.9853658536585361,0.990243902439024,1,0,410,945,654103,8.789289951324463,0.948963050896603,0.9979306244165371,0.00030792831580000004,0.000271559585208,0.897172236503856,0.8969914266769441,390,0.899484536082474,0.897435897435897,0.9692307692307691,0.9794871794871791
none,0.974200639671945,0.9993410235216651,0.000247641106593,amlnet,xgboost,0.000272322815738,0.927981109799291,,1,0.9283147076324141,0.8993135011441641,0.9487804878048781,0.9853658536585361,0.98780487804878,1,1,410,945,654103,11.381913900375366,0.947616401383445,0.997780084532303,0.00031984852583300004,0.000265232846303,0.8906048906048901,0.890416282465693,390,0.8940568475452191,0.889743589743589,0.9692307692307691,0.9743589743589741
none,0.9748938657004371,0.999253493226488,0.00023880796469300002,amlnet,xgboost,0.000259118160049,0.9301775147928991,,1,0.930450963799322,0.9034482758620691,0.951219512195121,0.9853658536585361,0.98780487804878,1,2,410,945,654103,9.307261228561401,0.9488843342404341,0.997259427180307,0.000301384009854,0.00025101907469200004,0.900645161290322,0.900487083931318,390,0.906493506493506,0.897435897435897,0.9692307692307691,0.9743589743589741
random_graph,0.9729709404530441,0.9994253821044811,0.000268998324808,amlnet,xgboost,0.00029096224459500004,0.92018779342723,,1,0.92068392673036,0.886877828054298,0.951219512195121,0.9829268292682921,0.990243902439024,1,0,410,1890,655048,10.17387843132019,0.9481054976453951,0.9984754272915211,0.000311726662097,0.00027386259885500003,0.893670886075949,0.8935497869373531,390,0.8825000000000001,0.9,0.9666666666666661,0.9743589743589741
random_graph,0.975818820368297,0.9995920034743141,0.000275483035365,amlnet,xgboost,0.000291941540005,0.9192982456140351,,1,0.9199140849584331,0.8831460674157301,0.951219512195121,0.9853658536585361,0.990243902439024,1,1,410,1890,655048,9.3893883228302,0.9476346136425511,0.9984427168525971,0.000320704430382,0.000267180537219,0.896020539152759,0.895835196949285,390,0.897172236503856,0.894871794871794,0.9717948717948711,0.9769230769230761
random_graph,0.9730715158449521,0.99948408680181,0.000274376947903,amlnet,xgboost,0.00029946781319900004,0.9150174621653081,,1,0.915798157558359,0.875278396436525,0.953658536585365,0.9829268292682921,0.98780487804878,1,2,410,1890,655048,9.17117714881897,0.9452001759257841,0.998328680946396,0.00031540165949800003,0.00026703871492500005,0.896551724137931,0.8963722448759941,390,0.8931297709923661,0.894871794871794,0.9666666666666661,0.9666666666666661
adv_no_projection,0.9731340526558331,0.999476420896316,0.000293923204926,amlnet,xgboost,0.000316429196358,0.9086705202312131,,1,0.909726258579834,0.8637362637362631,0.951219512195121,0.9829268292682921,0.98780487804878,1,0,410,1890,655048,11.243947505950928,0.948903016252125,0.9981660712459631,0.000305921518021,0.000277916047635,0.8987341772151891,0.8986226740398711,390,0.8875000000000001,0.905128205128205,0.9692307692307691,0.9769230769230761
adv_no_projection,0.9743371519694851,0.9995744862078141,0.000278191063987,amlnet,xgboost,0.000290051800686,0.9212690951821381,,1,0.9217295078994711,0.8888888888888881,0.951219512195121,0.9829268292682921,0.9926829268292681,1,1,410,1890,655048,11.954874277114868,0.949485202413735,0.9987032693709651,0.00031435475164700005,0.000275601766606,0.894536213468869,0.894381054383763,390,0.8866498740554151,0.902564102564102,0.9717948717948711,0.9794871794871791
adv_no_projection,0.976750727022999,0.9995171151987221,0.00029409569173,amlnet,xgboost,0.000328080965394,0.9173457508731081,,1,0.9181334498675631,0.87750556792873,0.951219512195121,0.98780487804878,0.990243902439024,1,2,410,1890,655048,11.690736770629883,0.946695955516416,0.9990484225239141,0.00031476831337400003,0.00028296330599700004,0.9,0.89982080829244,390,0.9,0.9,0.9692307692307691,0.9794871794871791
random_feasible,0.9748018460275911,0.9990110365503421,0.00024061500371,amlnet,xgboost,0.00026810318436800004,0.9268867924528301,,1,0.9272520667118551,0.8972602739726021,0.951219512195121,0.9829268292682921,0.98780487804878,1,0,410,1890,655048,11.837345838546753,0.9454171565504721,0.997965378889732,0.000302778731186,0.000253341517116,0.9032258064516121,0.9030723775039671,390,0.9090909090909091,0.897435897435897,0.9666666666666661,0.9717948717948711
random_feasible,0.974043303436891,0.999059189420153,0.000253507654405,amlnet,xgboost,0.000282565347377,0.91822429906542,,1,0.9188799178466981,0.8811659192825111,0.951219512195121,0.9804878048780481,0.98780487804878,1,1,410,1890,655048,10.370380640029907,0.9473380728398211,0.9981248489064001,0.000305950397831,0.00026310434544100003,0.896551724137931,0.8963722448759941,390,0.8931297709923661,0.897435897435897,0.9666666666666661,0.9769230769230761
random_feasible,0.9730688773680131,0.9993905380983731,0.000243433691203,amlnet,xgboost,0.00025780859614700003,0.9323843416370101,,1,0.9326019930364501,0.907621247113163,0.951219512195121,0.9829268292682921,0.98780487804878,1,2,410,1890,655048,11.007472038269043,0.9466905142457751,0.9979855129218311,0.000297649981332,0.000254492565722,0.898963730569948,0.898832994837051,390,0.9083769633507851,0.894871794871794,0.9666666666666661,0.9717948717948711
ours,0.972983542247781,0.9991277118560961,0.00023453997611700003,amlnet,xgboost,0.00025949351438800004,0.9278106508875741,,1,0.9280784659917181,0.9011494252873561,0.951219512195121,0.9829268292682921,0.98780487804878,1,0,410,1890,655048,11.095643997192383,0.9458004887219891,0.9976667437155661,0.00029948165514500003,0.000253620647834,0.900129701686121,0.900014373687212,390,0.910761154855643,0.9,0.9666666666666661,0.9692307692307691
ours,0.9723706510473391,0.9988020341547471,0.00025817334716,amlnet,xgboost,0.000280189385996,0.92235294117647,,1,0.922778648895021,0.8909090909090901,0.953658536585365,0.9853658536585361,0.990243902439024,1,1,410,1890,655048,11.535471439361572,0.9483674255129271,0.9976513516073531,0.00030271393815400004,0.000247780274207,0.8969072164948451,0.896735392567609,390,0.901554404145077,0.9,0.9692307692307691,0.9717948717948711
ours,0.9747993151208201,0.9991273532172421,0.000241693296698,amlnet,xgboost,0.00027115472805900004,0.9323843416370101,,1,0.9326019930364501,0.907621247113163,0.953658536585365,0.9853658536585361,0.98780487804878,1,2,410,1890,655048,10.19388484954834,0.9454766580853331,0.997423315138483,0.00029535879373400004,0.00023741459038300003,0.9018087855297151,0.901661389794364,390,0.9088541666666661,0.9,0.9692307692307691,0.9717948717948711
none,0.043240979277214,0.931670567798153,0.064190862409623,amlnet,topology_lr,0.087419232443274,0.039413279587952,,1,0.12452299982983601,0.020169608067843,0.06585365853658501,0.12195121951219501,0.270731707317073,1,0,410,945,654103,7.570428371429443,0.06345962255208501,0.9245353150216131,0.061049566015073005,0.088373199468707,0.035241781732046,0.11146173601209601,390,0.01802707015781,0.102564102564102,0.271794871794871,0.435897435897435
none,0.004862165869375001,0.7696652722713321,0.343811445063873,amlnet,topology_lr,0.351586595396286,0.008736897884274,,1,0.042815114616032005,0.004391720696958,0.014634146341463001,0.017073170731707003,0.019512195121951,1,1,410,945,654103,7.678177118301392,0.013377749265845002,0.823081888843177,0.23694907865560902,0.250843743276477,0.010831959715253001,0.050276185974995,390,0.005454512286334001,0.017948717948717,0.048717948717948004,0.115384615384615
none,0.040837232034716,0.9154823160224711,0.21701389630349902,amlnet,topology_lr,0.24742348930509803,0.013535193346733001,,1,0.065261111721876,0.006819153087199,0.053658536585365006,0.126829268292682,0.397560975609756,1,2,410,945,654103,7.5700578689575195,0.066476201344543,0.908816326261328,0.203511808421922,0.23643489986329003,0.013080748466495,0.063019031998642,390,0.006590107040496,0.097435897435897,0.31538461538461504,0.502564102564102
random_graph,0.0862481934768,0.9318240428125131,0.035860947626083,amlnet,topology_lr,0.06040754267153701,0.062952175138588,,1,0.15805464860579702,0.032737222710837004,0.11219512195121902,0.37073170731707306,0.6170731707317071,1,0,410,1890,655048,8.249619960784912,0.077256607147344,0.8953708573257011,0.036588978450063,0.06481802083455701,0.047844228094575,0.121951600940013,390,0.024819624819624003,0.11025641025641,0.435897435897435,0.546153846153846
random_graph,0.023983111648963003,0.9188646334458751,0.08481822700770501,amlnet,topology_lr,0.111839460527672,0.029000607797169002,,1,0.101180155300434,0.014763083451202001,0.034146341463414005,0.07073170731707301,0.12439024390243901,1,1,410,1890,655048,8.598651647567749,0.036908982533247,0.9146245056028921,0.07385863483831101,0.10414141302342,0.029172320217096002,0.09902470922226801,390,0.014867134248740001,0.069230769230769,0.215384615384615,0.28461538461538405
random_graph,0.035330478511651005,0.938723099984589,0.027885801491843002,amlnet,topology_lr,0.035192901552826006,0.08907563025210001,,1,0.186899375449355,0.047251114413075,0.021951219512195003,0.073170731707317,0.13170731707317002,1,2,410,1890,655048,7.760824203491211,0.043859716836295005,0.930218849506769,0.024373123376045,0.033259340611184005,0.086014654348518,0.173740536096572,390,0.045855978260869006,0.020512820512820003,0.194871794871794,0.29487179487179405
adv_no_projection,0.048800252954923004,0.926153413373306,0.059393416574452004,amlnet,topology_lr,0.09772288088330701,0.039457603445265006,,1,0.122146650906629,0.020211053478805002,0.041463414634146004,0.168292682926829,0.45365853658536504,1,0,410,1890,655048,7.867300748825073,0.059728954230412,0.896594833293984,0.053494179797668004,0.093289105978944,0.0339179778179,0.10082040246180601,390,0.017396481016007,0.08974358974358901,0.31282051282051204,0.517948717948718
adv_no_projection,0.060136232236615,0.9362888275591541,0.015238015844174,amlnet,topology_lr,0.030520169307071004,0.125264892865552,,1,0.20836032331995802,0.069324993484493,0.046341463414634,0.19756097560975602,0.534146341463414,1,1,410,1890,655048,7.533636808395386,0.079333341726185,0.9311675759379341,0.018469645854331,0.043121800983869,0.10334346504559201,0.18755676224074103,390,0.05610561056105601,0.125641025641025,0.379487179487179,0.5846153846153841
adv_no_projection,0.039645555261524,0.936136282764321,0.072505012367783,amlnet,topology_lr,0.12536163898323902,0.036045261379345,,1,0.11828776423780701,0.018409079023063,0.053658536585365006,0.2,0.30731707317073104,1,2,410,1890,655048,7.9506964683532715,0.05206941520171501,0.9248444943495111,0.059347009818577004,0.11499017912210902,0.036177344886471,0.10940785621507501,390,0.018546138382724002,0.115384615384615,0.217948717948717,0.32307692307692304
random_feasible,0.08251957123159501,0.9303914935346941,0.042809622711627006,amlnet,topology_lr,0.07188669689754301,0.052132335929667005,,1,0.14286289098756602,0.026917257306681003,0.097560975609756,0.37560975609756103,0.6195121951219511,1,0,410,1890,655048,7.480316162109375,0.09090731494826501,0.9213876082749101,0.042947749765232,0.075994737330527,0.044140503574759,0.12227911403845301,390,0.022760057701554003,0.15128205128205102,0.448717948717948,0.5820512820512821
random_feasible,0.055137538869502005,0.9286192852439721,0.10507792663159701,amlnet,topology_lr,0.15620234371522101,0.022966384398255,,1,0.09127354080874,0.011636221803289002,0.048780487804878,0.207317073170731,0.49024390243902405,1,1,410,1890,655048,6.871811389923096,0.08428742053969601,0.923395327066689,0.104172190761306,0.16298170503063902,0.020414632600012,0.08258331814724401,390,0.010335087944537,0.133333333333333,0.392307692307692,0.556410256410256
random_feasible,0.130526521408664,0.902764987881929,0.017427669277625003,amlnet,topology_lr,0.037524954136682005,0.10907674328009301,,1,0.197140028887718,0.059271803556308005,0.229268292682926,0.49024390243902405,0.5951219512195121,1,2,410,1890,655048,7.2440454959869385,0.08405433937053501,0.8694269847396051,0.020226840811424,0.045664163732378006,0.07718542451983401,0.146613910373424,390,0.041497780351283,0.16153846153846102,0.417948717948717,0.48717948717948706
ours,0.05954101897591701,0.937347008307532,0.052224193589122,amlnet,topology_lr,0.085110965546416,0.044899566758566004,,1,0.132106857067122,0.023070696168375003,0.046341463414634,0.195121951219512,0.534146341463414,1,0,410,1890,655048,8.298705577850342,0.07992584663992701,0.9278643281972111,0.04852906167005001,0.08427912990523001,0.041502532357906005,0.12037341608197401,390,0.02133661217995,0.135897435897435,0.36923076923076903,0.5794871794871791
ours,0.06741342820867101,0.926475392611479,0.011848836517057001,amlnet,topology_lr,0.022634565188238,0.14948139109212902,,1,0.222639309382888,0.08542538354253801,0.056097560975609,0.26585365853658505,0.5780487804878041,1,1,410,1890,655048,8.199573040008545,0.09237553000458301,0.9265465740571871,0.013762267925749002,0.031218030003985004,0.134678298800436,0.21508225405903703,390,0.07535082367297101,0.14358974358974302,0.435897435897435,0.6102564102564101
ours,0.07978358799735001,0.9579433967022031,0.06567224465439901,amlnet,topology_lr,0.143575501451829,0.044264194669756,,1,0.138880262627358,0.022670623145400002,0.06829268292682901,0.33414634146341404,0.5268292682926831,1,2,410,1890,655048,7.121295213699341,0.089669110942853,0.947402462454566,0.052495987718879006,0.129641095108223,0.049558352223872004,0.138152866674284,390,0.025558332661452,0.133333333333333,0.34358974358974304,0.528205128205128
none,0.9606541955544611,0.9991891847970741,0.025715350717215,amlnet,graphsage_lite,0.036280926153619004,0.097966060897821,,1,0.22217332431126002,0.051525509558171007,0.919512195121951,0.9756097560975611,0.9756097560975611,1,0,410,945,654103,57.22757411003113,0.954820699633884,0.9993920323426301,0.020516287885764,0.030502413702862004,0.10540613963596801,0.23167461662527802,390,0.055651176133103004,0.907692307692307,0.9743589743589741,0.9846153846153841
none,0.956651817590589,0.9993468065731771,0.015028923666472,amlnet,graphsage_lite,0.026068367040208002,0.139031925849639,,1,0.26855535251303003,0.074778434268833,0.9097560975609751,0.9829268292682921,0.9853658536585361,1,1,410,945,654103,59.19940686225891,0.9383707634634181,0.9990553204032551,0.010587530891452,0.020804996725383003,0.186191965359634,0.31675680530217604,390,0.10273427130342401,0.869230769230769,0.9794871794871791,0.9871794871794871
none,0.600454762369885,0.652824617195051,0.012185160567683002,amlnet,graphsage_lite,0.020538736845278002,0.11552822314957101,,1,0.19788905381044503,0.063480569635529,0.607317073170731,0.6341463414634141,0.639024390243902,1,2,410,945,654103,58.27084159851074,0.9438108683509621,0.999371179658713,0.0072962853881260005,0.015940357455474,0.25974906748050103,0.381383716061292,390,0.149667838999609,0.894871794871794,0.9743589743589741,0.9820512820512821
random_graph,0.9646717702399681,0.9996312800325011,0.012025240284867001,amlnet,graphsage_lite,0.020545802083069,0.179566563467492,,1,0.309955713860162,0.098735408560311,0.9146341463414631,0.98780487804878,0.990243902439024,1,0,410,1890,655048,59.766178131103516,0.9212517601427751,0.9994312695538091,0.005674988592324,0.012099371120534,0.32299192520187,0.43262557738419205,390,0.193581253183902,0.882051282051282,0.9743589743589741,0.9794871794871791
random_graph,0.973752954106294,0.9996876928034071,0.011083974327635,amlnet,graphsage_lite,0.020149604893153,0.190945343654703,,1,0.32120513377526605,0.105631975084349,0.9292682926829261,0.9853658536585361,0.9926829268292681,1,1,410,1890,655048,59.74012303352356,0.931534351597126,0.999398394178401,0.004903306583978,0.010844628740360001,0.356603773584905,0.45865389617824004,390,0.21849710982658901,0.882051282051282,0.9641025641025641,0.9820512820512821
random_graph,0.607965301695911,0.65312586822824,0.015219909309242002,amlnet,graphsage_lite,0.023877094313667004,0.099192184858162,,1,0.181729763210173,0.05373498880521001,0.6170731707317071,0.639024390243902,0.64390243902439,1,2,410,1890,655048,57.16631460189819,0.947846337198839,0.9993374148044161,0.006103450779280001,0.013451753304239,0.302574257425742,0.41686375399121706,390,0.178922716627634,0.894871794871794,0.9692307692307691,0.9820512820512821
adv_no_projection,0.965388909041694,0.9996099242095231,0.011120712548365,amlnet,graphsage_lite,0.019353089252456,0.18722619322112002,,1,0.31731253239337703,0.10338680926916201,0.9121951219512191,0.9853658536585361,0.98780487804878,1,0,410,1890,655048,60.620121717453,0.9452080717102711,0.9993874553552281,0.0051365957794560005,0.011702248864308,0.34935304990757804,0.452881235453764,390,0.21307779030439603,0.887179487179487,0.9692307692307691,0.9743589743589741
adv_no_projection,0.967022030473703,0.999775245513512,0.002506625944073,amlnet,graphsage_lite,0.005336345076016,0.53315649867374,,1,0.598138326894544,0.36612021857923505,0.919512195121951,0.9853658536585361,0.9951219512195121,1,1,410,1890,655048,60.7013738155365,0.922490402460977,0.9992679588733231,0.001925430528524,0.004421427750043,0.607371794871794,0.654404123096416,390,0.44172494172494103,0.874358974358974,0.9820512820512821,0.9923076923076921
adv_no_projection,0.614504604353526,0.65323659797425,0.008807038290635,amlnet,graphsage_lite,0.015768201901749,0.170708050436469,,1,0.24866752374453202,0.098397316436824,0.6146341463414631,0.641463414634146,0.64390243902439,1,2,410,1890,655048,56.44511866569519,0.9531964413493711,0.9993871784975601,0.003915370432954,0.009576274389432001,0.41827187671986704,0.508073918789105,390,0.266292922214435,0.907692307692307,0.9743589743589741,0.9743589743589741
random_feasible,0.967532639405233,0.9994171053921911,0.010213875049322,amlnet,graphsage_lite,0.018244850867343003,0.204728370221327,,1,0.33410767562592103,0.11413348289399801,0.919512195121951,0.9829268292682921,0.98780487804878,1,0,410,1890,655048,61.52574825286865,0.9479355687436201,0.999374955526055,0.004696704330986,0.010428858690311,0.36681222707423505,0.466748495012936,390,0.22621184919210002,0.889743589743589,0.9692307692307691,0.9820512820512821
random_feasible,0.953667316527373,0.998575570529972,0.0077542293178910005,amlnet,graphsage_lite,0.014298725225138002,0.253689167974882,,1,0.37661885837055203,0.14558558558558501,0.9,0.9780487804878041,0.9853658536585361,1,1,410,1890,655048,59.14606785774231,0.9345485021990231,0.999413862864268,0.003582472718914,0.007983310744167001,0.44030285381479306,0.524206886565595,390,0.284853051996985,0.874358974358974,0.9717948717948711,0.9923076923076921
random_feasible,0.6100359272882511,0.6529127358820971,0.013910052409212,amlnet,graphsage_lite,0.022709709959196002,0.107360715738104,,1,0.190104133336702,0.058562555456965,0.609756097560975,0.641463414634146,0.641463414634146,1,2,410,1890,655048,59.36754608154297,0.948018963591927,0.999198043476314,0.004937420294892,0.011655882452618001,0.350277264325323,0.45408947671356004,390,0.21364148816234502,0.897435897435897,0.9692307692307691,0.9769230769230761
ours,0.973543636768155,0.9996555610036281,0.018148537540008003,amlnet,graphsage_lite,0.028334842595930002,0.12484700122399,,1,0.254002797408385,0.066601371204701,0.9317073170731701,0.98780487804878,0.9926829268292681,1,0,410,1890,655048,59.530030250549316,0.9517318990052561,0.999349219544125,0.008567366441424001,0.016619007937082,0.23118603251053502,0.356921990669674,390,0.130968622100954,0.897435897435897,0.9692307692307691,0.9769230769230761
ours,0.9645191664805821,0.9993695128955881,0.002645825931597,amlnet,graphsage_lite,0.0060978856967250005,0.51249199231262,,1,0.581208748246249,0.347523892267593,0.9146341463414631,0.9780487804878041,0.9853658536585361,1,1,410,1890,655048,62.29229998588562,0.9524054835676421,0.998544576912002,0.0014799213719650002,0.003960582972652,0.6666666666666661,0.699764725159146,390,0.5102040816326531,0.9,0.9743589743589741,0.9820512820512821
ours,0.6112656805060781,0.6519038735798041,0.011372383170188,amlnet,graphsage_lite,0.018855018487883003,0.131730528424743,,1,0.21339112289904003,0.073402176946692,0.6170731707317071,0.6365853658536581,0.641463414634146,1,2,410,1890,655048,57.95489954948425,0.9474234450782031,0.9987837465934721,0.004857076921313,0.011220202316457002,0.35553470919324504,0.45827712448435104,390,0.21756601607347803,0.897435897435897,0.9666666666666661,0.9769230769230761
